,candidate_id,state,donation_count,total_raised,cycle
0,S0AL00248,AL,11,1428.99,2020
1,S0VA00096,VA,2,3200.0,2020
2,S2TN00058,VA,2,5000.0,2020
3,S8MA00268,AL,1,250.0,2020
4,S8MA00268,AR,1,500.0,2020
5,S8MA00268,AZ,5,1300.0,2020
6,S8MA00268,CA,32,13662.91,2020
7,S8MA00268,CO,8,2184.34,2020
8,S8MA00268,CT,1,250.0,2020
9,S8MA00268,DC,2,750.0,2020
10,S8MA00268,FL,32,27454.45,2020
11,S8MA00268,GA,4,1500.0,2020
12,S8MA00268,GU,1,250.0,2020
13,S8MA00268,HI,3,3250.0,2020
14,S8MA00268,IA,3,3250.0,2020
15,S8MA00268,ID,1,250.0,2020
16,S8MA00268,IL,2,750.0,2020
17,S8MA00268,IN,1,250.0,2020
18,S8MA00268,KS,3,1750.0,2020
19,S8MA00268,LA,2,750.0,2020
20,S8MA00268,MA,35,9781.79,2020
21,S8MA00268,MD,3,1408.78,2020
22,S8MA00268,ME,2,624.99,2020
23,S0VA00070,VA,10,885.0,2020
24,S0MN00294,MN,25,14192.0,2020
25,S0MN00294,MT,1,500.0,2020
26,S0MN00294,PA,2,5600.0,2020
27,S0MN00294,TX,2,932.0,2020
28,S0MN00294,WI,3,1500.0,2020
29,S0TX00365,TX,26,904.0,2020
30,S0NH00326,AE,4,1063.13,2020
31,S0NH00326,AK,1,100.0,2020
32,S0NH00326,AL,3,1075.0,2020
33,S0NH00326,AR,7,6991.98,2020
34,S0NH00326,AZ,20,11777.71,2020
35,S0NH00326,CA,70,48534.69,2020
36,S0NH00326,CO,21,4666.8,2020
37,S0NH00326,CT,8,7800.0,2020
38,S0NH00326,DC,2,1500.0,2020
39,S0NH00326,FL,97,87628.54,2020
40,S0NH00326,GA,12,2875.0,2020
41,S0NH00326,HI,7,11675.0,2020
42,S0NH00326,ID,5,1550.0,2020
43,S0NH00326,IL,2,350.0,2020
44,S0NH00326,IN,6,2560.0,2020
45,S0NH00326,KS,6,2550.0,2020
46,S0NH00326,LA,5,9150.0,2020
47,S0NH00326,MA,47,34771.46,2020
48,S0NH00326,MD,15,6860.0,2020
49,S0NH00326,ME,6,11804.48,2020
50,S0SD00088,CA,1,1000.0,2020
51,S0SD00088,CO,3,1750.0,2020
52,S0SD00088,KY,2,750.0,2020
53,S0SD00088,MD,1,750.0,2020
54,S0SD00088,MN,8,5346.71,2020
55,S0SD00088,NE,1,1200.0,2020
56,S0SD00088,NH,1,250.0,2020
57,S0SD00088,NM,1,500.0,2020
58,S0SD00088,NV,1,500.0,2020
59,S0SD00088,OR,1,500.0,2020
60,S0SD00088,SD,25,9471.48,2020
61,S0SD00088,TX,2,5000.0,2020
62,S0SD00088,WA,2,500.0,2020
63,S8AZ00189,AZ,2,1015.58,2020
64,S0TN00235,TN,8,1080.0,2020
65,S0SC00321,ID,1,250.0,2020
66,S0SC00321,OT,1,250.0,2020
67,S0SC00321,SC,13,5600.0,2020
68,S0TN00201,GA,1,500.0,2020
69,S0TN00201,TN,9,7250.0,2020
70,S0AL00206,AL,1436,1497586.0,2020
71,S0AL00206,AR,2,750.0,2020
72,S0AL00206,CA,33,41275.0,2020
73,S0AL00206,CO,2,5600.0,2020
74,S0AL00206,CT,3,6600.0,2020
75,S0AL00206,DC,31,30200.0,2020
76,S0AL00206,FL,40,55650.0,2020
77,S0AL00206,GA,9,12760.0,2020
78,S0AL00206,GU,2,350.0,2020
79,S0AL00206,ID,1,1500.0,2020
80,S0AL00206,IL,4,3100.0,2020
81,S0AL00206,IN,1,15.0,2020
82,S0AL00206,LA,13,27800.0,2020
83,S0AL00206,MA,6,323.0,2020
84,S0AL00206,MD,6,3500.0,2020
85,S0AL00206,MI,13,35600.0,2020
86,S0AL00206,MO,7,10600.0,2020
87,S0AL00206,NC,2,5600.0,2020
88,S0AL00206,NJ,1,2800.0,2020
89,S0AL00206,NY,12,29050.0,2020
90,S4WV00159,AL,7,14500.0,2020
91,S4WV00159,AR,4,6850.0,2020
92,S4WV00159,AZ,10,23250.0,2020
93,S4WV00159,CA,112,113105.0,2020
94,S4WV00159,CO,10,24900.0,2020
95,S4WV00159,CT,10,19825.0,2020
96,S4WV00159,DC,39,39638.33,2020
97,S4WV00159,FL,129,216925.0,2020
98,S4WV00159,GA,49,56366.66,2020
99,S4WV00159,IL,47,57456.0,2020
100,S4WV00159,IN,9,5850.0,2020
101,S4WV00159,KS,2,4000.0,2020
102,S4WV00159,KY,7,5850.0,2020
103,S4WV00159,LA,11,10775.0,2020
104,S4WV00159,MA,40,43650.0,2020
105,S4WV00159,MD,32,38600.0,2020
106,S4WV00159,MI,25,49175.0,2020
107,S4WV00159,MN,1,500.0,2020
108,S4WV00159,MO,43,71700.0,2020
109,S4WV00159,MS,3,6800.0,2020
110,S4LA00107,AL,17,23400.0,2020
111,S4LA00107,AR,57,55325.0,2020
112,S4LA00107,AZ,25,28800.0,2020
113,S4LA00107,CA,299,204245.0,2020
114,S4LA00107,CO,12,13150.0,2020
115,S4LA00107,CT,50,78000.0,2020
116,S4LA00107,DC,58,44333.33,2020
117,S4LA00107,DE,2,2000.0,2020
118,S4LA00107,FL,175,185373.0,2020
119,S4LA00107,GA,169,135859.16,2020
120,S4LA00107,IA,1,1000.0,2020
121,S4LA00107,IL,93,86180.0,2020
122,S4LA00107,IN,22,17710.0,2020
123,S4LA00107,KS,13,12000.02,2020
124,S4LA00107,KY,12,6350.0,2020
125,S4LA00107,LA,1807,1168324.52,2020
126,S4LA00107,MA,25,35700.0,2020
127,S4LA00107,MD,36,26675.0,2020
128,S4LA00107,ME,1,300.0,2020
129,S4LA00107,MI,30,46400.0,2020
130,S0IL00550,FL,1,1000.0,2020
131,S0IL00550,IL,1,250.0,2020
132,S0NM00066,AK,2,700.0,2020
133,S0NM00066,AL,9,3253.0,2020
134,S0NM00066,AR,13,4400.0,2020
135,S0NM00066,AZ,61,14066.0,2020
136,S0NM00066,CA,137,52113.0,2020
137,S0NM00066,CO,33,20885.0,2020
138,S0NM00066,CT,8,3350.0,2020
139,S0NM00066,DC,2,500.0,2020
140,S0NM00066,FL,146,118233.05,2020
141,S0NM00066,GA,14,13151.0,2020
142,S0NM00066,HI,3,3550.0,2020
143,S0NM00066,IA,6,2930.0,2020
144,S0NM00066,ID,11,3260.0,2020
145,S0NM00066,IL,36,14951.54,2020
146,S0NM00066,IN,15,3781.0,2020
147,S0NM00066,KS,22,2685.0,2020
148,S0NM00066,KY,3,355.0,2020
149,S0NM00066,LA,6,3750.0,2020
150,S0NM00066,MA,30,14935.0,2020
151,S0NM00066,MD,26,3357.0,2020
152,S0GA00567,AL,21,13250.0,2020
153,S0GA00567,AR,9,2190.0,2020
154,S0GA00567,AZ,15,7950.0,2020
155,S0GA00567,CA,99,41160.0,2020
156,S0GA00567,CO,11,4750.0,2020
157,S0GA00567,CT,6,1300.0,2020
158,S0GA00567,DC,8,10650.0,2020
159,S0GA00567,DE,3,1000.0,2020
160,S0GA00567,FL,133,62657.32,2020
161,S0GA00567,GA,1414,753790.02,2020
162,S0GA00567,HI,5,800.0,2020
163,S0GA00567,IA,7,3805.0,2020
164,S0GA00567,ID,13,4275.0,2020
165,S0GA00567,IL,24,12025.0,2020
166,S0GA00567,IN,11,7950.0,2020
167,S0GA00567,KS,10,4370.0,2020
168,S0GA00567,KY,16,3925.0,2020
169,S0GA00567,LA,12,3380.0,2020
170,S0GA00567,MA,18,14350.0,2020
171,S0GA00567,MD,15,8175.0,2020
172,S6ME00159,AK,128,33135.0,2020
173,S6ME00159,AL,152,21820.01,2020
174,S6ME00159,AP,3,65.0,2020
175,S6ME00159,AR,72,50678.55,2020
176,S6ME00159,AZ,330,226395.59,2020
177,S6ME00159,CA,1971,1416222.89,2020
178,S6ME00159,CO,294,76287.5,2020
179,S6ME00159,CT,454,402399.57,2020
180,S6ME00159,DC,308,205972.25,2020
181,S6ME00159,DE,23,7980.0,2020
182,S6ME00159,FL,1883,1261538.75,2020
183,S6ME00159,GA,407,172096.77,2020
184,S6ME00159,HI,95,79338.0,2020
185,S6ME00159,IA,50,15075.0,2020
186,S6ME00159,ID,71,37281.02,2020
187,S6ME00159,IL,454,373412.83,2020
188,S6ME00159,IN,110,36643.88,2020
189,S6ME00159,KS,136,20048.5,2020
190,S6ME00159,KY,181,51500.51,2020
191,S6ME00159,LA,212,68209.43,2020
192,S2TX00106,AE,29,855.0,2020
193,S2TX00106,AK,72,10095.0,2020
194,S2TX00106,AL,134,63452.14,2020
195,S2TX00106,AP,21,405.0,2020
196,S2TX00106,AR,146,49972.21,2020
197,S2TX00106,AZ,288,64835.28,2020
198,S2TX00106,CA,1359,349630.59,2020
199,S2TX00106,CO,454,150178.37,2020
200,S2TX00106,CT,178,84829.82,2020
201,S2TX00106,DC,158,132038.63,2020
202,S2TX00106,DE,9,1600.0,2020
203,S2TX00106,FL,1157,476976.73,2020
204,S2TX00106,GA,369,93393.46,2020
205,S2TX00106,HI,36,3925.0,2020
206,S2TX00106,IA,35,2470.0,2020
207,S2TX00106,ID,73,4023.75,2020
208,S2TX00106,IL,261,134186.02,2020
209,S2TX00106,IN,87,23150.55,2020
210,S2TX00106,KS,76,10347.5,2020
211,S2TX00106,KY,121,14867.22,2020
212,S4AR00103,AK,97,3520.0,2020
213,S4AR00103,AL,52,4745.0,2020
214,S4AR00103,AP,8,1700.0,2020
215,S4AR00103,AR,3363,652921.76,2020
216,S4AR00103,AS,1,50.0,2020
217,S4AR00103,AZ,258,42207.78,2020
218,S4AR00103,CA,1696,392358.7,2020
219,S4AR00103,CO,418,54340.56,2020
220,S4AR00103,CT,118,45553.06,2020
221,S4AR00103,DC,36,19565.0,2020
222,S4AR00103,DE,19,1950.0,2020
223,S4AR00103,FL,1042,480485.53,2020
224,S4AR00103,GA,243,44585.89,2020
225,S4AR00103,HI,31,3060.0,2020
226,S4AR00103,IA,78,4410.0,2020
227,S4AR00103,ID,47,9155.0,2020
228,S4AR00103,IL,298,68128.0,2020
229,S4AR00103,IN,90,26434.59,2020
230,S4AR00103,KS,61,7521.25,2020
231,S4AR00103,KY,60,9080.56,2020
232,S0IL00543,FL,6,7300.0,2020
233,S0IL00543,IL,132,90925.0,2020
234,S0IL00543,IN,3,6100.0,2020
235,S0IL00543,MN,2,2700.0,2020
236,S0IL00543,PA,1,2800.0,2020
237,S0IL00543,TX,1,250.0,2020
238,S0IL00543,WI,1,1000.0,2020
239,S2MT00096,AK,14,4250.0,2020
240,S2MT00096,AL,86,12916.58,2020
241,S2MT00096,AR,56,28640.0,2020
242,S2MT00096,AZ,246,170310.11,2020
243,S2MT00096,CA,1058,627658.7,2020
244,S2MT00096,CO,206,118073.5,2020
245,S2MT00096,CT,88,65160.0,2020
246,S2MT00096,DC,134,144183.33,2020
247,S2MT00096,DE,23,7375.0,2020
248,S2MT00096,FL,859,401303.73,2020
249,S2MT00096,GA,229,117687.5,2020
250,S2MT00096,HI,40,15970.0,2020
251,S2MT00096,IA,40,5304.0,2020
252,S2MT00096,ID,51,36275.0,2020
253,S2MT00096,IL,182,131739.0,2020
254,S2MT00096,IN,54,36210.0,2020
255,S2MT00096,KS,58,26727.5,2020
256,S2MT00096,KY,93,45329.16,2020
257,S2MT00096,LA,57,33097.5,2020
258,S2MT00096,MA,128,71025.0,2020
259,S0DE00191,CA,2,1250.0,2020
260,S0DE00191,DE,8,3960.0,2020
261,S0DE00191,GA,1,250.0,2020
262,S0DE00191,IN,1,250.0,2020
263,S0DE00191,MA,1,250.0,2020
264,S0DE00191,MD,1,1000.0,2020
265,S0DE00191,NE,1,500.0,2020
266,S0DE00191,NJ,2,750.0,2020
267,S0DE00191,NY,1,500.0,2020
268,S0DE00191,PA,1,1000.0,2020
269,S0DE00191,TX,4,1500.0,2020
270,S0DE00191,VA,1,250.0,2020
271,S0DE00191,WA,1,500.0,2020
272,S0DE00191,WI,1,500.0,2020
273,S0VA00187,MI,1,1000.0,2020
274,S0VA00187,VA,3,1750.0,2020
275,S6WY00126,CA,1,500.0,2020
276,S6WY00126,DC,12,8850.0,2020
277,S6WY00126,MD,1,1000.0,2020
278,S6WY00126,UT,1,500.0,2020
279,S6WY00126,VA,9,5500.0,2020
280,S6WY00126,WA,1,250.0,2020
281,S4IA00129,AE,10,145.0,2020
282,S4IA00129,AK,194,7195.0,2020
283,S4IA00129,AL,239,15230.75,2020
284,S4IA00129,AP,6,1600.0,2020
285,S4IA00129,AR,170,39648.5,2020
286,S4IA00129,AZ,461,111029.62,2020
287,S4IA00129,CA,2008,555265.25,2020
288,S4IA00129,CO,544,74020.76,2020
289,S4IA00129,CT,198,104777.23,2020
290,S4IA00129,DC,145,110766.0,2020
291,S4IA00129,DE,40,1310.0,2020
292,S4IA00129,FL,2148,823380.82,2020
293,S4IA00129,GA,780,86457.17,2020
294,S4IA00129,HI,39,3650.0,2020
295,S4IA00129,IA,8457,1674502.85,2020
296,S4IA00129,ID,163,32472.5,2020
297,S4IA00129,IL,567,182434.43,2020
298,S4IA00129,IN,263,36007.85,2020
299,S4IA00129,KS,249,44422.07,2020
300,S4IA00129,KY,179,17696.36,2020
301,S0VA00179,AR,4,1350.0,2020
302,S0VA00179,AZ,4,1250.0,2020
303,S0VA00179,CA,4,1100.0,2020
304,S0VA00179,CO,2,5600.0,2020
305,S0VA00179,CT,2,500.0,2020
306,S0VA00179,DC,5,3000.0,2020
307,S0VA00179,FL,3,3300.0,2020
308,S0VA00179,GA,1,500.0,2020
309,S0VA00179,HI,1,1000.0,2020
310,S0VA00179,IL,1,2800.0,2020
311,S0VA00179,KS,1,260.0,2020
312,S0VA00179,MD,4,3550.0,2020
313,S0VA00179,MI,5,1800.0,2020
314,S0VA00179,MO,1,50.0,2020
315,S0VA00179,MS,9,900.0,2020
316,S0VA00179,NC,1,500.0,2020
317,S0VA00179,NV,2,500.0,2020
318,S0VA00179,NY,6,1440.0,2020
319,S0VA00179,OH,5,1900.0,2020
320,S0VA00179,OR,1,500.0,2020
321,S8NJ00541,NJ,11,11342.21,2020
322,S0VA00146,AE,2,1500.0,2020
323,S0VA00146,AK,1,250.0,2020
324,S0VA00146,AL,2,100.0,2020
325,S0VA00146,AR,4,1600.0,2020
326,S0VA00146,AZ,9,10200.0,2020
327,S0VA00146,CA,26,21000.0,2020
328,S0VA00146,CO,14,9675.0,2020
329,S0VA00146,CT,5,2000.0,2020
330,S0VA00146,DC,8,11650.0,2020
331,S0VA00146,FL,18,16533.0,2020
332,S0VA00146,GA,31,18690.0,2020
333,S0VA00146,IA,3,3000.0,2020
334,S0VA00146,ID,2,750.0,2020
335,S0VA00146,IL,4,2000.0,2020
336,S0VA00146,IN,5,8900.0,2020
337,S0VA00146,KY,3,4050.0,2020
338,S0VA00146,LA,7,1850.0,2020
339,S0VA00146,MA,5,5397.0,2020
340,S0VA00146,MD,16,5575.0,2020
341,S0VA00146,ME,8,2400.0,2020
342,S0TN00151,IL,2,5600.0,2020
343,S0TN00151,MI,1,2800.0,2020
344,S0TN00151,MO,4,3400.0,2020
345,S0TN00151,TN,12,7300.0,2020
346,S0TN00151,WA,1,1000.0,2020
347,S4CO00395,AA,1,150.0,2020
348,S4CO00395,AE,31,155.0,2020
349,S4CO00395,AK,94,4607.5,2020
350,S4CO00395,AL,149,45585.0,2020
351,S4CO00395,AP,1,2800.0,2020
352,S4CO00395,AR,109,25777.21,2020
353,S4CO00395,AZ,298,200447.0,2020
354,S4CO00395,CA,1498,867511.59,2020
355,S4CO00395,CO,14563,3492930.46,2020
356,S4CO00395,CT,130,89975.4,2020
357,S4CO00395,DC,210,192228.08,2020
358,S4CO00395,DE,17,847.5,2020
359,S4CO00395,FL,1481,896204.69,2020
360,S4CO00395,GA,411,209313.18,2020
361,S4CO00395,HI,52,15702.0,2020
362,S4CO00395,IA,61,12785.5,2020
363,S4CO00395,ID,90,34677.5,2020
364,S4CO00395,IL,319,293578.75,2020
365,S4CO00395,IN,114,45551.85,2020
366,S4CO00395,KS,198,62989.32,2020
367,S0SC00149,AE,8,475.0,2020
368,S0SC00149,AK,180,20608.1,2020
369,S0SC00149,AL,836,114784.25,2020
370,S0SC00149,AP,7,1300.0,2020
371,S0SC00149,AR,301,60444.85,2020
372,S0SC00149,AZ,1655,395264.49,2020
373,S0SC00149,CA,7551,1934112.75,2020
374,S0SC00149,CO,1275,222907.5,2020
375,S0SC00149,CT,617,201160.82,2020
376,S0SC00149,DC,180,139948.43,2020
377,S0SC00149,DE,130,14072.5,2020
378,S0SC00149,FL,6716,1420897.4,2020
379,S0SC00149,GA,1753,375334.02,2020
380,S0SC00149,HI,172,65825.0,2020
381,S0SC00149,IA,255,49379.05,2020
382,S0SC00149,ID,274,30275.2,2020
383,S0SC00149,IL,1590,342477.9,2020
384,S0SC00149,IN,577,90551.97,2020
385,S0SC00149,KS,306,42817.08,2020
386,S0SC00149,KY,626,85010.26,2020
387,S0GA00658,AL,1,500.0,2020
388,S0GA00658,CA,4,200.0,2020
389,S0GA00658,GA,4,1250.0,2020
390,S0GA00658,NJ,2,2250.0,2020
391,S0GA00658,PA,1,500.0,2020
392,S0GA00658,VA,1,250.0,2020
393,S0GA00658,WA,1,50.0,2020
394,S0TN00169,AL,15,34600.0,2020
395,S0TN00169,AR,2,2500.0,2020
396,S0TN00169,AZ,8,16500.0,2020
397,S0TN00169,CA,70,145250.0,2020
398,S0TN00169,CT,14,35600.0,2020
399,S0TN00169,DC,55,86850.0,2020
400,S0TN00169,FL,73,110875.0,2020
401,S0TN00169,GA,15,26100.0,2020
402,S0TN00169,HI,1,2800.0,2020
403,S0TN00169,IA,2,1025.0,2020
404,S0TN00169,ID,1,500.0,2020
405,S0TN00169,IL,77,169000.0,2020
406,S0TN00169,IN,9,15700.0,2020
407,S0TN00169,KY,20,37200.0,2020
408,S0TN00169,LA,14,30100.0,2020
409,S0TN00169,MA,27,49500.0,2020
410,S0TN00169,MD,31,44100.0,2020
411,S0TN00169,MI,8,18300.0,2020
412,S0TN00169,MO,11,17900.0,2020
413,S0TN00169,MS,3,4800.0,2020
414,S0KS00349,CT,1,1000.0,2020
415,S0KS00349,FL,2,750.0,2020
416,S0KS00349,IA,1,1000.0,2020
417,S0KS00349,ID,1,250.0,2020
418,S0KS00349,IL,2,5600.0,2020
419,S0KS00349,KS,86,159000.0,2020
420,S0KS00349,MN,2,1500.0,2020
421,S0KS00349,MO,7,5300.0,2020
422,S0KS00349,OH,2,5000.0,2020
423,S0KS00349,PA,2,3000.0,2020
424,S0KS00349,SC,1,1000.0,2020
425,S0KS00349,TX,2,1500.0,2020
426,S0KS00349,VA,2,2000.0,2020
427,S0TN00276,CA,1,1000.0,2020
428,S0TN00276,TN,10,4640.0,2020
429,S0TN00276,VA,1,500.0,2020
430,S0IL00501,AR,2,750.0,2020
431,S0IL00501,AZ,2,350.0,2020
432,S0IL00501,CA,8,1350.0,2020
433,S0IL00501,CO,3,500.0,2020
434,S0IL00501,FL,21,5475.0,2020
435,S0IL00501,IA,1,250.0,2020
436,S0IL00501,IL,27,6231.0,2020
437,S0IL00501,IN,3,350.0,2020
438,S0IL00501,KY,1,2000.0,2020
439,S0IL00501,LA,2,350.0,2020
440,S0IL00501,MI,11,1100.0,2020
441,S0IL00501,MN,1,250.0,2020
442,S0IL00501,NE,2,500.0,2020
443,S0IL00501,NJ,2,1250.0,2020
444,S0IL00501,NV,3,75.0,2020
445,S0IL00501,NY,5,4100.0,2020
446,S0IL00501,OH,8,536.0,2020
447,S0IL00501,OK,3,150.0,2020
448,S0IL00501,PA,2,1250.0,2020
449,S0IL00501,TX,18,16450.0,2020
450,S8MS00261,AL,37,12800.21,2020
451,S8MS00261,AR,6,6000.0,2020
452,S8MS00261,AZ,20,7575.0,2020
453,S8MS00261,CA,168,52105.0,2020
454,S8MS00261,CO,5,5550.0,2020
455,S8MS00261,DC,22,21933.32,2020
456,S8MS00261,FL,27,5605.29,2020
457,S8MS00261,GA,92,30376.66,2020
458,S8MS00261,ID,1,2600.0,2020
459,S8MS00261,IL,14,750.0,2020
460,S8MS00261,IN,16,14350.0,2020
461,S8MS00261,KS,1,250.0,2020
462,S8MS00261,KY,2,0.0,2020
463,S8MS00261,LA,53,28775.0,2020
464,S8MS00261,MA,4,2775.0,2020
465,S8MS00261,MD,12,8050.0,2020
466,S8MS00261,MI,36,27725.0,2020
467,S8MS00261,MN,9,675.0,2020
468,S8MS00261,MO,22,280.0,2020
469,S8MS00261,MS,703,594686.34,2020
470,S4OK00083,AK,3,2000.0,2020
471,S4OK00083,AL,63,155300.0,2020
472,S4OK00083,AR,13,22850.0,2020
473,S4OK00083,AZ,9,6100.0,2020
474,S4OK00083,CA,29,41215.0,2020
475,S4OK00083,CO,34,45950.0,2020
476,S4OK00083,CT,7,8650.0,2020
477,S4OK00083,DC,59,40633.33,2020
478,S4OK00083,FL,34,35520.0,2020
479,S4OK00083,GA,19,11166.67,2020
480,S4OK00083,HI,12,29500.0,2020
481,S4OK00083,IL,7,13300.0,2020
482,S4OK00083,IN,5,6175.0,2020
483,S4OK00083,KS,12,15850.0,2020
484,S4OK00083,KY,1,1000.0,2020
485,S4OK00083,LA,3,3550.0,2020
486,S4OK00083,MA,6,6300.0,2020
487,S4OK00083,MD,35,27300.0,2020
488,S4OK00083,ME,7,4317.0,2020
489,S4OK00083,MI,39,39100.0,2020
490,S0NE00080,CA,2,3050.0,2020
491,S0NE00080,FL,2,3050.0,2020
492,S0NE00080,NE,74,44537.0,2020
493,S0NE00080,NV,2,2000.0,2020
494,S0NE00080,SD,1,500.0,2020
495,S8MI00372,AE,7,186.35,2020
496,S8MI00372,AK,40,6025.94,2020
497,S8MI00372,AL,78,13310.55,2020
498,S8MI00372,AP,1,35.0,2020
499,S8MI00372,AR,60,12162.03,2020
500,S8MI00372,AZ,362,173659.62,2020
501,S8MI00372,CA,1149,529548.91,2020
502,S8MI00372,CO,303,95002.68,2020
503,S8MI00372,CT,52,42356.25,2020
504,S8MI00372,DC,53,41222.86,2020
505,S8MI00372,DE,23,3118.0,2020
506,S8MI00372,FL,1258,845221.69,2020
507,S8MI00372,GA,269,111020.47,2020
508,S8MI00372,HI,43,12521.11,2020
509,S8MI00372,IA,29,9603.96,2020
510,S8MI00372,ID,47,10900.0,2020
511,S8MI00372,IL,317,229686.13,2020
512,S8MI00372,IN,204,117841.58,2020
513,S8MI00372,KS,63,27542.31,2020
514,S8MI00372,KY,74,12511.39,2020
515,S0KY00461,KY,1,60.0,2020
516,S0GA00492,GA,2,800.0,2020
517,S0GA00492,IL,1,250.0,2020
518,S0KS00257,AK,2,200.0,2020
519,S0KS00257,AL,2,750.0,2020
520,S0KS00257,AR,1,500.0,2020
521,S0KS00257,AZ,23,11570.0,2020
522,S0KS00257,CA,66,49372.99,2020
523,S0KS00257,CO,19,14100.0,2020
524,S0KS00257,CT,9,11950.0,2020
525,S0KS00257,DC,6,11475.0,2020
526,S0KS00257,FL,40,34920.0,2020
527,S0KS00257,GA,12,7250.0,2020
528,S0KS00257,HI,2,200.0,2020
529,S0KS00257,IA,4,5800.0,2020
530,S0KS00257,ID,1,1000.0,2020
531,S0KS00257,IL,11,16700.0,2020
532,S0KS00257,IN,2,1250.0,2020
533,S0KS00257,KS,358,212438.01,2020
534,S0KS00257,KY,4,3300.0,2020
535,S0KS00257,LA,6,3250.0,2020
536,S0KS00257,MA,8,2000.0,2020
537,S0KS00257,MD,10,5250.0,2020
538,S0SC00313,GA,1,104.15,2020
539,S0SC00313,ID,2,312.15,2020
540,S0SC00313,ME,9,3838.64,2020
541,S0SC00313,SC,26,21271.34,2020
542,S0MT00157,MT,1,500.0,2020
543,S0KS00208,AZ,2,1500.0,2020
544,S0KS00208,CO,1,250.0,2020
545,S0KS00208,IL,1,1000.0,2020
546,S0KS00208,IN,1,1000.0,2020
547,S0KS00208,KS,204,427907.0,2020
548,S0KS00208,MA,2,5600.0,2020
549,S0KS00208,MO,15,31600.0,2020
550,S0KS00208,OH,4,10600.0,2020
551,S0KS00208,TX,8,21400.0,2020
552,S0ME00095,CA,1,2000.0,2020
553,S0ME00095,ME,4,1250.0,2020
554,S0ME00095,WA,1,300.0,2020
555,S0MN00328,AA,1,500.0,2020
556,S0MN00328,AK,6,960.0,2020
557,S0MN00328,AL,5,1250.0,2020
558,S0MN00328,AR,3,5600.0,2020
559,S0MN00328,AZ,48,17037.0,2020
560,S0MN00328,CA,160,26478.5,2020
561,S0MN00328,CO,56,10790.5,2020
562,S0MN00328,CT,6,1650.0,2020
563,S0MN00328,DC,8,6100.0,2020
564,S0MN00328,DE,4,700.0,2020
565,S0MN00328,FL,169,69885.5,2020
566,S0MN00328,GA,36,10215.0,2020
567,S0MN00328,HI,5,552.0,2020
568,S0MN00328,IA,2,569.0,2020
569,S0MN00328,ID,3,300.0,2020
570,S0MN00328,IL,25,6223.0,2020
571,S0MN00328,IN,13,1275.0,2020
572,S0MN00328,KS,26,4000.0,2020
573,S0MN00328,KY,11,465.5,2020
574,S0MN00328,LA,7,1103.0,2020
575,S0KS00240,AR,1,300.0,2020
576,S0KS00240,AZ,1,1000.0,2020
577,S0KS00240,CA,5,4550.0,2020
578,S0KS00240,FL,11,12050.0,2020
579,S0KS00240,GA,3,8400.0,2020
580,S0KS00240,IA,2,750.0,2020
581,S0KS00240,IL,1,2500.0,2020
582,S0KS00240,KS,356,357933.05,2020
583,S0KS00240,MA,25,47100.0,2020
584,S0KS00240,MD,5,2100.0,2020
585,S0KS00240,MI,2,500.0,2020
586,S0KS00240,MN,5,11215.0,2020
587,S0KS00240,MO,58,53095.0,2020
588,S0KS00240,MT,1,1000.0,2020
589,S0KS00240,NC,1,1000.0,2020
590,S0KS00240,NH,1,250.0,2020
591,S0KS00240,NM,1,1000.0,2020
592,S0KS00240,NY,3,1750.0,2020
593,S0KS00240,OK,1,2800.0,2020
594,S0KS00240,PA,2,750.0,2020
595,S0GA00526,AL,10,8235.0,2020
596,S0GA00526,AR,5,3250.0,2020
597,S0GA00526,AZ,5,11450.0,2020
598,S0GA00526,CA,43,40585.0,2020
599,S0GA00526,CO,8,7625.0,2020
600,S0GA00526,CT,7,17800.0,2020
601,S0GA00526,DC,28,32450.0,2020
602,S0GA00526,FL,43,52650.0,2020
603,S0GA00526,GA,977,1201876.85,2020
604,S0GA00526,HI,4,250.0,2020
605,S0GA00526,ID,17,22650.0,2020
606,S0GA00526,IL,26,25755.8,2020
607,S0GA00526,IN,1,500.0,2020
608,S0GA00526,KY,1,1000.0,2020
609,S0GA00526,LA,25,980.0,2020
610,S0GA00526,MD,9,8050.0,2020
611,S0GA00526,MI,6,14000.0,2020
612,S0GA00526,MN,1,250.0,2020
613,S0GA00526,MS,6,8400.0,2020
614,S0GA00526,NC,22,1815.0,2020
615,S0WY00137,AL,1,100.0,2020
616,S0WY00137,AR,5,250.0,2020
617,S0WY00137,AZ,13,6180.0,2020
618,S0WY00137,CA,76,62420.0,2020
619,S0WY00137,CO,19,13700.0,2020
620,S0WY00137,CT,4,4400.0,2020
621,S0WY00137,DC,12,8600.0,2020
622,S0WY00137,DE,2,5600.0,2020
623,S0WY00137,FL,53,37160.0,2020
624,S0WY00137,GA,16,12475.0,2020
625,S0WY00137,HI,1,250.0,2020
626,S0WY00137,ID,5,950.0,2020
627,S0WY00137,IL,19,22150.0,2020
628,S0WY00137,IN,3,1550.0,2020
629,S0WY00137,KS,7,2300.0,2020
630,S0WY00137,KY,2,2000.0,2020
631,S0WY00137,LA,8,9200.0,2020
632,S0WY00137,MD,12,8953.0,2020
633,S0WY00137,ME,1,250.0,2020
634,S0WY00137,MI,5,705.0,2020
635,S0KS00315,AR,3,6850.0,2020
636,S0KS00315,AZ,2,3000.0,2020
637,S0KS00315,CA,6,5250.0,2020
638,S0KS00315,CO,2,2500.0,2020
639,S0KS00315,CT,2,2000.0,2020
640,S0KS00315,DC,24,18950.0,2020
641,S0KS00315,DE,1,1000.0,2020
642,S0KS00315,FL,58,49925.0,2020
643,S0KS00315,GA,9,6000.0,2020
644,S0KS00315,IA,5,6600.0,2020
645,S0KS00315,IL,29,28200.0,2020
646,S0KS00315,IN,5,5050.0,2020
647,S0KS00315,KS,1289,1266917.09,2020
648,S0KS00315,LA,2,6600.0,2020
649,S0KS00315,MD,7,7550.0,2020
650,S0KS00315,MI,2,12700.0,2020
651,S0KS00315,MO,93,85800.0,2020
652,S0KS00315,MS,1,500.0,2020
653,S0KS00315,NE,1,500.0,2020
654,S0KS00315,NJ,15,16100.0,2020
655,S0NM00090,AL,5,350.0,2020
656,S0NM00090,AR,12,578.0,2020
657,S0NM00090,AZ,15,3650.0,2020
658,S0NM00090,CA,77,16102.5,2020
659,S0NM00090,CO,3,650.0,2020
660,S0NM00090,CT,4,1750.0,2020
661,S0NM00090,DC,4,1060.0,2020
662,S0NM00090,FL,24,2865.0,2020
663,S0NM00090,GA,15,2360.0,2020
664,S0NM00090,IA,10,435.0,2020
665,S0NM00090,ID,3,200.0,2020
666,S0NM00090,IL,2,3300.0,2020
667,S0NM00090,IN,10,365.0,2020
668,S0NM00090,KS,2,35.0,2020
669,S0NM00090,KY,7,56.7,2020
670,S0NM00090,LA,2,500.0,2020
671,S0NM00090,MA,3,1000.0,2020
672,S0NM00090,MD,15,1470.0,2020
673,S0NM00090,MI,10,1560.0,2020
674,S0NM00090,MO,5,181.25,2020
675,S0KS00331,CO,1,1000.0,2020
676,S0KS00331,ID,5,2037.7,2020
677,S0KS00331,IL,1,239.7,2020
678,S0KS00331,KS,4,1489.7,2020
679,S0KS00331,MO,3,600.0,2020
680,S0KS00331,OR,3,339.7,2020
681,S0KS00331,TX,2,5600.0,2020
682,S0OK00438,GA,2,5600.0,2020
683,S0OK00438,OK,3,1429.01,2020
684,S0AZ00376,AZ,69,24755.0,2020
685,S0AZ00376,CA,1,250.0,2020
686,S0AZ00376,MD,1,250.0,2020
687,S0AZ00376,NJ,1,1000.0,2020
688,S2KY00012,AA,1,25.0,2020
689,S2KY00012,AE,9,375.0,2020
690,S2KY00012,AK,431,27887.5,2020
691,S2KY00012,AL,1467,168974.33,2020
692,S2KY00012,AP,15,1048.0,2020
693,S2KY00012,AR,734,56002.35,2020
694,S2KY00012,AZ,3029,427658.37,2020
695,S2KY00012,CA,14452,2169129.06,2020
696,S2KY00012,CO,2901,421784.01,2020
697,S2KY00012,CT,1296,234198.09,2020
698,S2KY00012,DC,285,267749.83,2020
699,S2KY00012,DE,200,24970.75,2020
700,S2KY00012,FL,11342,2013399.65,2020
701,S2KY00012,GA,3306,579210.28,2020
702,S2KY00012,GU,7,781.5,2020
703,S2KY00012,HI,292,48969.0,2020
704,S2KY00012,IA,547,47455.65,2020
705,S2KY00012,ID,623,74420.5,2020
706,S2KY00012,IL,3234,471289.04,2020
707,S2KY00012,IN,1613,240757.76,2020
708,S8AZ00221,AE,17,562.5,2020
709,S8AZ00221,AK,522,32866.7,2020
710,S8AZ00221,AL,1551,120670.93,2020
711,S8AZ00221,AP,9,675.0,2020
712,S8AZ00221,AR,751,64044.3,2020
713,S8AZ00221,AZ,27921,4639037.87,2020
714,S8AZ00221,CA,14971,1785759.5,2020
715,S8AZ00221,CO,2860,280747.9,2020
716,S8AZ00221,CT,956,190052.6,2020
717,S8AZ00221,DC,183,84213.33,2020
718,S8AZ00221,DE,212,23157.0,2020
719,S8AZ00221,FL,9066,1518767.71,2020
720,S8AZ00221,GA,2732,257410.08,2020
721,S8AZ00221,GU,5,410.0,2020
722,S8AZ00221,HI,276,36647.5,2020
723,S8AZ00221,IA,629,67696.0,2020
724,S8AZ00221,ID,713,91635.75,2020
725,S8AZ00221,IL,2792,430398.24,2020
726,S8AZ00221,IN,1365,152194.92,2020
727,S8AZ00221,KS,803,88793.0,2020
728,S0NJ00217,AK,1,26.5,2020
729,S0NJ00217,AL,3,210.0,2020
730,S0NJ00217,AR,3,175.0,2020
731,S0NJ00217,AZ,3,70.0,2020
732,S0NJ00217,CA,13,765.0,2020
733,S0NJ00217,CO,4,2950.0,2020
734,S0NJ00217,DC,3,3.0,2020
735,S0NJ00217,DE,1,35.0,2020
736,S0NJ00217,FL,15,2660.0,2020
737,S0NJ00217,GA,1,25.0,2020
738,S0NJ00217,HI,2,25.0,2020
739,S0NJ00217,IA,2,50.0,2020
740,S0NJ00217,ID,1,10.0,2020
741,S0NJ00217,IL,1,50.0,2020
742,S0NJ00217,IN,2,35.0,2020
743,S0NJ00217,LA,3,5650.0,2020
744,S0NJ00217,MA,1,25.0,2020
745,S0NJ00217,MD,1,100.0,2020
746,S0NJ00217,ME,1,10.0,2020
747,S0NJ00217,MI,3,225.0,2020
748,S4NJ00250,FL,2,1500.0,2020
749,S4NJ00250,NJ,2,750.0,2020
750,S4NJ00250,NY,14,11250.0,2020
751,S4NJ00250,OR,1,500.0,2020
752,S4NJ00250,TX,1,250.0,2020
753,S0AL00289,AL,595,723435.0,2020
754,S0AL00289,AZ,1,1500.0,2020
755,S0AL00289,CA,1,500.0,2020
756,S0AL00289,CO,1,1000.0,2020
757,S0AL00289,FL,2,3000.0,2020
758,S0AL00289,GA,24,21501.0,2020
759,S0AL00289,KS,1,2500.0,2020
760,S0AL00289,MD,1,250.0,2020
761,S0AL00289,MO,2,5600.0,2020
762,S0AL00289,NC,1,1000.0,2020
763,S0AL00289,NJ,1,250.0,2020
764,S0AL00289,TN,1,500.0,2020
765,S0AL00289,TX,2,2000.0,2020
766,S0AL00289,VA,2,3800.0,2020
767,S0AL00289,WY,1,2800.0,2020
768,S0NH00334,AL,13,6400.0,2020
769,S0NH00334,AR,6,1350.0,2020
770,S0NH00334,AZ,4,4250.0,2020
771,S0NH00334,CA,23,46900.0,2020
772,S0NH00334,CO,83,122850.0,2020
773,S0NH00334,CT,6,8600.0,2020
774,S0NH00334,DC,1,250.0,2020
775,S0NH00334,FL,21,25350.0,2020
776,S0NH00334,GA,3,1750.0,2020
777,S0NH00334,IA,2,2750.0,2020
778,S0NH00334,ID,2,100.0,2020
779,S0NH00334,IL,4,7600.0,2020
780,S0NH00334,IN,2,3300.0,2020
781,S0NH00334,KY,2,2000.0,2020
782,S0NH00334,LA,1,2800.0,2020
783,S0NH00334,MA,14,21600.0,2020
784,S0NH00334,MD,1,1000.0,2020
785,S0NH00334,MN,7,17800.0,2020
786,S0NH00334,MO,1,1000.0,2020
787,S0NH00334,MT,1,2800.0,2020
788,S4WY00147,AZ,3,2000.0,2020
789,S4WY00147,FL,1,1000.0,2020
790,S4WY00147,GA,1,500.0,2020
791,S4WY00147,MT,1,500.0,2020
792,S4WY00147,WY,10,7950.0,2020
793,S0AL00263,AK,3,335.0,2020
794,S0AL00263,AL,135,115049.52,2020
795,S0AL00263,AR,1,200.0,2020
796,S0AL00263,AZ,34,7983.0,2020
797,S0AL00263,CA,121,53856.0,2020
798,S0AL00263,CO,20,8411.0,2020
799,S0AL00263,CT,2,450.0,2020
800,S0AL00263,DC,3,600.0,2020
801,S0AL00263,DE,3,53.0,2020
802,S0AL00263,FL,115,51391.0,2020
803,S0AL00263,GA,18,3787.0,2020
804,S0AL00263,HI,2,725.0,2020
805,S0AL00263,IA,1,54.0,2020
806,S0AL00263,ID,4,1554.0,2020
807,S0AL00263,IL,20,8787.0,2020
808,S0AL00263,IN,16,3075.0,2020
809,S0AL00263,KS,9,4900.0,2020
810,S0AL00263,KY,4,710.0,2020
811,S0AL00263,LA,1,300.0,2020
812,S0AL00263,MA,6,6950.0,2020
813,S0AL00297,AK,1,250.0,2020
814,S0AL00297,AL,32,19810.0,2020
815,S0AL00297,AZ,3,400.0,2020
816,S0AL00297,CA,28,3160.0,2020
817,S0AL00297,CO,1,250.0,2020
818,S0AL00297,CT,1,100.0,2020
819,S0AL00297,FL,13,5555.0,2020
820,S0AL00297,GA,8,4456.0,2020
821,S0AL00297,ID,1,250.0,2020
822,S0AL00297,IN,10,2750.0,2020
823,S0AL00297,KS,7,4850.0,2020
824,S0AL00297,KY,1,1000.0,2020
825,S0AL00297,LA,4,5600.0,2020
826,S0AL00297,MD,6,6250.0,2020
827,S0AL00297,MI,3,750.0,2020
828,S0AL00297,MN,1,50.0,2020
829,S0AL00297,MO,1,100.0,2020
830,S0AL00297,MS,2,500.0,2020
831,S0AL00297,NC,4,525.0,2020
832,S0AL00297,ND,5,250.0,2020
833,S0KY00297,AL,1,500.0,2020
834,S0KY00297,AZ,1,1000.0,2020
835,S0KY00297,CA,2,1500.0,2020
836,S0KY00297,CO,2,762.0,2020
837,S0KY00297,FL,1,500.0,2020
838,S0KY00297,IL,1,2800.0,2020
839,S0KY00297,KY,13,10048.0,2020
840,S0KY00297,NM,1,250.0,2020
841,S0KY00297,OH,1,250.0,2020
842,S0KY00297,PA,1,1000.0,2020
843,S0KY00297,TX,1,500.0,2020
844,S0TN00250,FL,1,500.0,2020
845,S0TN00250,KS,2,500.0,2020
846,S0TN00250,TN,1,250.0,2020
847,S0NH00318,FL,3,5600.0,2020
848,S0NH00318,MA,17,8706.54,2020
849,S0NH00318,ME,1,500.0,2020
850,S0NH00318,NH,54,39819.59,2020
851,S0MA00232,AP,1,300.0,2020
852,S0MA00232,AZ,3,750.0,2020
853,S0MA00232,CA,7,11800.0,2020
854,S0MA00232,CO,2,1000.0,2020
855,S0MA00232,CT,12,21850.0,2020
856,S0MA00232,FL,1,1000.0,2020
857,S0MA00232,IL,5,4250.0,2020
858,S0MA00232,IN,1,250.0,2020
859,S0MA00232,KY,1,2000.0,2020
860,S0MA00232,MA,146,164968.55,2020
861,S0MA00232,MD,1,500.0,2020
862,S0MA00232,ME,4,7050.0,2020
863,S0MA00232,MO,2,1500.0,2020
864,S0MA00232,NH,4,3300.0,2020
865,S0MA00232,NJ,1,250.0,2020
866,S0MA00232,NY,16,23050.0,2020
867,S0MA00232,OH,2,2000.0,2020
868,S0MA00232,PA,1,250.0,2020
869,S0MA00232,RI,3,750.0,2020
870,S0MA00232,SC,2,550.0,2020
871,S0TN00326,TN,3,1084.05,2020
872,S4GA11285,AK,1,500.0,2020
873,S4GA11285,AL,64,100210.0,2020
874,S4GA11285,AR,19,12025.0,2020
875,S4GA11285,AZ,64,76925.0,2020
876,S4GA11285,CA,361,409111.67,2020
877,S4GA11285,CO,59,96300.0,2020
878,S4GA11285,CT,57,68300.42,2020
879,S4GA11285,DC,152,158039.64,2020
880,S4GA11285,FL,446,512770.7,2020
881,S4GA11285,GA,7211,5644169.86,2020
882,S4GA11285,HI,10,3050.0,2020
883,S4GA11285,IA,1,500.0,2020
884,S4GA11285,ID,27,30750.0,2020
885,S4GA11285,IL,87,137725.0,2020
886,S4GA11285,IN,64,92255.56,2020
887,S4GA11285,KS,5,5750.0,2020
888,S4GA11285,KY,19,5179.17,2020
889,S4GA11285,LA,49,47916.67,2020
890,S4GA11285,MA,25,22650.0,2020
891,S4GA11285,MD,74,65608.0,2020
892,S4OR00156,FL,1,1000.0,2020
893,S4OR00156,OR,16,9340.0,2020
894,S4OR00156,TX,1,500.0,2020
895,S4OR00156,VA,1,17.0,2020
896,S0TN00219,TN,8,13350.0,2020
897,S0KS00281,DC,1,250.0,2020
898,S0KS00281,IN,1,250.0,2020
899,S0KS00281,KS,8,2200.0,2020
900,S0KS00281,TN,1,1000.0,2020
901,S0KS00281,VA,7,1000.0,2020
902,S0SC00297,CA,1,500.0,2020
903,S0SC00297,FL,4,1500.0,2020
904,S0SC00297,IL,1,250.0,2020
905,S0SC00297,KS,1,500.0,2020
906,S0SC00297,MA,1,300.0,2020
907,S0SC00297,MD,1,250.0,2020
908,S0SC00297,NC,1,250.0,2020
909,S0SC00297,NJ,3,2350.0,2020
910,S0SC00297,NY,1,500.0,2020
911,S0SC00297,SC,3,1350.0,2020
912,S0SC00297,VA,1,500.0,2020
913,S8NM00200,AZ,1,500.0,2020
914,S8NM00200,MN,2,2000.0,2020
915,S8NM00200,NM,74,89630.0,2020
916,S8NM00200,NV,1,1000.0,2020
917,S8NM00200,OR,3,1100.0,2020
918,S8NM00200,VA,2,3000.0,2020
919,S8ID00092,AL,1,250.0,2020
920,S8ID00092,AR,1,500.0,2020
921,S8ID00092,AZ,5,3600.0,2020
922,S8ID00092,CA,80,104615.0,2020
923,S8ID00092,CO,13,18050.0,2020
924,S8ID00092,CT,6,16600.0,2020
925,S8ID00092,DC,35,33083.34,2020
926,S8ID00092,DE,1,500.0,2020
927,S8ID00092,FL,48,47025.0,2020
928,S8ID00092,GA,26,34941.67,2020
929,S8ID00092,HI,3,5800.0,2020
930,S8ID00092,IA,1,1000.0,2020
931,S8ID00092,ID,84,69050.0,2020
932,S8ID00092,IL,13,17900.0,2020
933,S8ID00092,IN,6,6500.0,2020
934,S8ID00092,KS,3,2000.0,2020
935,S8ID00092,KY,6,4000.0,2020
936,S8ID00092,MA,2,1500.0,2020
937,S8ID00092,MD,23,23700.0,2020
938,S8ID00092,MI,4,2500.0,2020
939,S0OR00337,OR,8,3200.0,2020
940,S0OR00337,RI,1,500.0,2020
941,S0NM00124,AZ,1,1000.0,2020
942,S0NM00124,CA,2,3800.0,2020
943,S0NM00124,CO,14,15050.0,2020
944,S0NM00124,GA,2,2000.0,2020
945,S0NM00124,LA,1,250.0,2020
946,S0NM00124,NM,1882,815235.2,2020
947,S0NM00124,NY,2,5600.0,2020
948,S0NM00124,TX,9,20600.0,2020
949,S0NM00124,UT,2,5600.0,2020
950,S0NM00124,WA,7,6400.0,2020
951,S0NM00124,WI,1,500.0,2020
952,S0NM00124,WY,1,250.0,2020
953,S4SD00049,AR,5,11500.0,2020
954,S4SD00049,AZ,8,17750.0,2020
955,S4SD00049,CA,55,69345.0,2020
956,S4SD00049,CO,6,10000.0,2020
957,S4SD00049,CT,13,23400.0,2020
958,S4SD00049,DC,48,26613.34,2020
959,S4SD00049,FL,72,64850.0,2020
960,S4SD00049,GA,27,17701.67,2020
961,S4SD00049,IA,5,6400.0,2020
962,S4SD00049,ID,1,500.0,2020
963,S4SD00049,IL,34,54250.0,2020
964,S4SD00049,IN,4,9800.0,2020
965,S4SD00049,KY,3,2500.0,2020
966,S4SD00049,LA,6,9225.0,2020
967,S4SD00049,MA,3,6100.0,2020
968,S4SD00049,MD,14,9850.0,2020
969,S4SD00049,MI,25,58150.0,2020
970,S4SD00049,MN,37,30300.0,2020
971,S4SD00049,MO,9,15225.0,2020
972,S4SD00049,MS,3,2200.0,2020
973,S0NM00116,CO,1,50.0,2020
974,S0NM00116,FL,2,200.0,2020
975,S0NM00116,GA,1,100.0,2020
976,S0NM00116,IN,1,1000.0,2020
977,S0NM00116,KS,2,100.0,2020
978,S0NM00116,NM,62,50430.0,2020
979,S0NM00116,NV,1,100.0,2020
980,S0NM00116,TN,3,5610.0,2020
981,S0NM00116,TX,5,750.0,2020
982,S4NE00090,AL,3,3000.0,2020
983,S4NE00090,AR,14,38400.0,2020
984,S4NE00090,AZ,51,70400.0,2020
985,S4NE00090,CA,197,229995.0,2020
986,S4NE00090,CO,17,22770.0,2020
987,S4NE00090,CT,10,12700.0,2020
988,S4NE00090,DC,73,63950.0,2020
989,S4NE00090,DE,5,3500.0,2020
990,S4NE00090,FL,73,101800.0,2020
991,S4NE00090,GA,27,46650.0,2020
992,S4NE00090,IA,3,5750.0,2020
993,S4NE00090,IL,40,51450.0,2020
994,S4NE00090,IN,5,8950.0,2020
995,S4NE00090,KS,27,16485.0,2020
996,S4NE00090,KY,1,1000.0,2020
997,S4NE00090,LA,7,12300.0,2020
998,S4NE00090,MA,33,46000.0,2020
999,S4NE00090,MD,24,22751.0,2020
1000,S4NE00090,MI,46,73350.0,2020
1001,S4NE00090,MN,15,11050.0,2020
1002,S6AL00195,AL,785,928128.0,2020
1003,S6AL00195,AR,2,550.0,2020
1004,S6AL00195,AZ,20,14444.0,2020
1005,S6AL00195,CA,57,33620.0,2020
1006,S6AL00195,CO,9,8850.0,2020
1007,S6AL00195,CT,4,2000.0,2020
1008,S6AL00195,DC,42,51950.0,2020
1009,S6AL00195,FL,61,37970.0,2020
1010,S6AL00195,GA,18,21800.0,2020
1011,S6AL00195,HI,1,250.0,2020
1012,S6AL00195,ID,1,1000.0,2020
1013,S6AL00195,IL,9,7000.0,2020
1014,S6AL00195,KS,5,1700.0,2020
1015,S6AL00195,KY,23,2900.0,2020
1016,S6AL00195,LA,4,1900.0,2020
1017,S6AL00195,MA,14,6750.0,2020
1018,S6AL00195,MD,25,17015.0,2020
1019,S6AL00195,ME,1,300.0,2020
1020,S6AL00195,MI,6,2350.0,2020
1021,S6AL00195,MN,2,1250.0,2020
1022,S0TN00144,AL,7,6000.0,2020
1023,S0TN00144,AR,7,4000.0,2020
1024,S0TN00144,AZ,16,10400.0,2020
1025,S0TN00144,CA,54,37450.0,2020
1026,S0TN00144,CO,23,6000.0,2020
1027,S0TN00144,CT,8,13200.0,2020
1028,S0TN00144,DC,20,11418.0,2020
1029,S0TN00144,FL,38,19467.0,2020
1030,S0TN00144,GA,40,42485.0,2020
1031,S0TN00144,HI,2,500.0,2020
1032,S0TN00144,IA,8,3750.0,2020
1033,S0TN00144,ID,8,3850.0,2020
1034,S0TN00144,IL,32,37400.0,2020
1035,S0TN00144,IN,10,14950.0,2020
1036,S0TN00144,KS,5,11500.0,2020
1037,S0TN00144,KY,19,8650.0,2020
1038,S0TN00144,LA,23,18350.0,2020
1039,S0TN00144,MA,18,15050.0,2020
1040,S0TN00144,MD,26,13300.0,2020
1041,S0TN00144,MI,9,5300.0,2020
1042,S0WY00160,AZ,1,50.0,2020
1043,S0WY00160,FL,1,250.0,2020
1044,S0WY00160,WY,79,60434.96,2020
1045,S0NJ00191,AR,5,2125.0,2020
1046,S0NJ00191,AZ,9,1830.0,2020
1047,S0NJ00191,CA,70,12515.2,2020
1048,S0NJ00191,CO,6,6000.0,2020
1049,S0NJ00191,CT,3,2000.0,2020
1050,S0NJ00191,DC,2,450.0,2020
1051,S0NJ00191,FL,48,15343.29,2020
1052,S0NJ00191,GA,12,6355.0,2020
1053,S0NJ00191,IA,18,1100.0,2020
1054,S0NJ00191,ID,1,50.0,2020
1055,S0NJ00191,IL,14,1947.0,2020
1056,S0NJ00191,IN,5,220.0,2020
1057,S0NJ00191,KS,14,1849.0,2020
1058,S0NJ00191,KY,2,1250.0,2020
1059,S0NJ00191,LA,1,100.0,2020
1060,S0NJ00191,MA,5,987.0,2020
1061,S0NJ00191,MD,18,3495.0,2020
1062,S0NJ00191,MI,14,2225.0,2020
1063,S0NJ00191,MN,7,1600.0,2020
1064,S0NJ00191,MO,5,1600.0,2020
1065,S0OK00347,OK,15,29157.64,2020
1066,S0OK00347,TX,2,1000.0,2020
1067,S4TX00433,SC,1,250.0,2020
1068,S4TX00433,TN,1,1000.0,2020
1069,S4TX00433,TX,131,53766.0,2020
1070,S4AK00214,AK,1571,868134.67,2020
1071,S4AK00214,AL,3,6600.0,2020
1072,S4AK00214,AR,8,22400.0,2020
1073,S4AK00214,AZ,39,56080.83,2020
1074,S4AK00214,CA,298,408566.61,2020
1075,S4AK00214,CO,86,125025.0,2020
1076,S4AK00214,CT,28,31900.0,2020
1077,S4AK00214,DC,136,116758.34,2020
1078,S4AK00214,FL,216,319530.83,2020
1079,S4AK00214,GA,68,73401.67,2020
1080,S4AK00214,GU,22,32500.0,2020
1081,S4AK00214,HI,4,2750.0,2020
1082,S4AK00214,ID,8,4739.58,2020
1083,S4AK00214,IL,94,153650.4,2020
1084,S4AK00214,IN,49,53750.0,2020
1085,S4AK00214,KS,5,4700.0,2020
1086,S4AK00214,KY,10,4329.17,2020
1087,S4AK00214,LA,26,15429.17,2020
1088,S4AK00214,MA,54,66558.33,2020
1089,S4AK00214,MD,57,65000.0,2020
1090,S0IL00527,AZ,1,300.0,2020
1091,S0IL00527,CA,1,500.0,2020
1092,S0IL00527,DC,1,100.0,2020
1093,S0IL00527,IL,97,59395.67,2020
1094,S0IL00527,WI,2,2000.0,2020
1095,S0GA00641,GA,5,3900.0,2020
1096,S0VA00104,AL,10,8100.0,2020
1097,S0VA00104,AR,1,300.0,2020
1098,S0VA00104,AZ,6,6050.0,2020
1099,S0VA00104,CA,11,7000.0,2020
1100,S0VA00104,CO,15,21348.0,2020
1101,S0VA00104,CT,5,9400.0,2020
1102,S0VA00104,DC,1,250.0,2020
1103,S0VA00104,FL,39,40559.0,2020
1104,S0VA00104,GA,10,9450.0,2020
1105,S0VA00104,IA,3,1800.0,2020
1106,S0VA00104,ID,1,1000.0,2020
1107,S0VA00104,IL,19,28600.0,2020
1108,S0VA00104,IN,11,6780.0,2020
1109,S0VA00104,KS,3,2750.0,2020
1110,S0VA00104,KY,2,606.0,2020
1111,S0VA00104,LA,5,6050.0,2020
1112,S0VA00104,MA,2,1500.0,2020
1113,S0VA00104,MD,2,3800.0,2020
1114,S0VA00104,MI,3,799.0,2020
1115,S0VA00104,MN,1,250.0,2020
1116,S4NC00162,AK,36,2252.5,2020
1117,S4NC00162,AL,48,15830.0,2020
1118,S4NC00162,AR,29,16195.0,2020
1119,S4NC00162,AZ,87,69012.08,2020
1120,S4NC00162,CA,685,340729.06,2020
1121,S4NC00162,CO,175,66346.14,2020
1122,S4NC00162,CT,95,97497.75,2020
1123,S4NC00162,DC,129,123935.0,2020
1124,S4NC00162,DE,4,1125.0,2020
1125,S4NC00162,FL,946,572650.52,2020
1126,S4NC00162,GA,217,100473.85,2020
1127,S4NC00162,HI,21,12900.0,2020
1128,S4NC00162,IA,9,5950.0,2020
1129,S4NC00162,ID,17,12221.25,2020
1130,S4NC00162,IL,172,141011.83,2020
1131,S4NC00162,IN,98,29538.05,2020
1132,S4NC00162,KS,60,9797.75,2020
1133,S4NC00162,KY,75,10556.74,2020
1134,S4NC00162,LA,74,21645.0,2020
1135,S4NC00162,MA,146,96599.25,2020
1136,S0AL00230,AK,2,525.0,2020
1137,S0AL00230,AL,2247,1848391.56,2020
1138,S0AL00230,AR,50,26469.0,2020
1139,S0AL00230,AZ,7,4500.0,2020
1140,S0AL00230,CA,55,40830.0,2020
1141,S0AL00230,CO,10,8500.0,2020
1142,S0AL00230,CT,3,3050.0,2020
1143,S0AL00230,DC,6,3750.0,2020
1144,S0AL00230,DE,2,5600.0,2020
1145,S0AL00230,FL,149,139170.0,2020
1146,S0AL00230,GA,220,198671.05,2020
1147,S0AL00230,IA,1,2800.0,2020
1148,S0AL00230,ID,1,1000.0,2020
1149,S0AL00230,IL,20,30550.0,2020
1150,S0AL00230,IN,15,6855.0,2020
1151,S0AL00230,KS,4,3650.0,2020
1152,S0AL00230,KY,2,3500.0,2020
1153,S0AL00230,LA,10,14550.0,2020
1154,S0AL00230,MA,3,1000.0,2020
1155,S0AL00230,MD,8,6672.0,2020
1156,S0NC00319,AL,6,2700.0,2020
1157,S0NC00319,CA,4,400.0,2020
1158,S0NC00319,CO,1,2800.0,2020
1159,S0NC00319,DC,5,2200.0,2020
1160,S0NC00319,FL,7,9100.0,2020
1161,S0NC00319,KY,1,2000.0,2020
1162,S0NC00319,LA,2,1000.0,2020
1163,S0NC00319,MA,1,500.0,2020
1164,S0NC00319,MD,1,2800.0,2020
1165,S0NC00319,MI,1,250.0,2020
1166,S0NC00319,NC,727,440605.76,2020
1167,S0NC00319,NY,3,8400.0,2020
1168,S0NC00319,OH,3,225.0,2020
1169,S0NC00319,PA,2,2000.0,2020
1170,S0NC00319,SC,5,7850.0,2020
1171,S0NC00319,TX,4,2500.0,2020
1172,S0NC00319,VA,3,1500.0,2020
1173,S0KS00299,AR,3,1200.0,2020
1174,S0KS00299,AZ,3,1100.0,2020
1175,S0KS00299,CA,8,1800.0,2020
1176,S0KS00299,CO,5,12200.0,2020
1177,S0KS00299,CT,2,2900.0,2020
1178,S0KS00299,DC,3,750.0,2020
1179,S0KS00299,DE,1,150.0,2020
1180,S0KS00299,FL,11,1840.0,2020
1181,S0KS00299,IA,1,250.0,2020
1182,S0KS00299,ID,1,50.0,2020
1183,S0KS00299,IL,4,425.0,2020
1184,S0KS00299,KS,242,306690.47,2020
1185,S0KS00299,MA,1,500.0,2020
1186,S0KS00299,MD,6,1425.0,2020
1187,S0KS00299,MI,1,250.0,2020
1188,S0KS00299,MN,1,1000.0,2020
1189,S0KS00299,MO,3,1750.0,2020
1190,S0KS00299,MS,1,200.0,2020
1191,S0KS00299,ND,1,250.0,2020
1192,S0KS00299,NY,5,4050.0,2020
1193,S0RI00067,FL,2,3050.0,2020
1194,S0RI00067,RI,10,4510.0,2020
1195,S0WY00103,CA,2,200.0,2020
1196,S0WY00103,GA,1,500.0,2020
1197,S0WY00103,WY,7,5375.0,2020
1198,S0WV00231,AL,3,2250.0,2020
1199,S0WV00231,TX,3,1000.0,2020
1200,S0WV00231,WV,8,4650.0,2020
0,S8MA00268,MI,7,4500.0,2020
1,S8MA00268,MN,6,940.85,2020
2,S8MA00268,MO,2,490.0,2020
3,S8MA00268,MT,3,1500.0,2020
4,S8MA00268,NH,1,1000.0,2020
5,S8MA00268,NJ,8,3000.0,2020
6,S8MA00268,NV,7,2850.0,2020
7,S8MA00268,NY,8,4525.0,2020
8,S8MA00268,OH,5,3250.0,2020
9,S8MA00268,OK,1,250.0,2020
10,S8MA00268,OR,2,750.0,2020
11,S8MA00268,PA,9,3250.0,2020
12,S8MA00268,RI,1,250.0,2020
13,S8MA00268,SC,3,1500.0,2020
14,S8MA00268,TN,1,100.0,2020
15,S8MA00268,TX,26,16377.98,2020
16,S8MA00268,UT,2,750.0,2020
17,S8MA00268,VA,5,1500.0,2020
18,S8MA00268,WA,8,4091.0,2020
19,S8MA00268,WI,4,1618.92,2020
20,S0NH00326,MI,5,1575.0,2020
21,S0NH00326,MN,1,50.0,2020
22,S0NH00326,MO,1,500.0,2020
23,S0NH00326,MS,4,1650.0,2020
24,S0NH00326,MT,1,1000.0,2020
25,S0NH00326,NC,15,5435.73,2020
26,S0NH00326,ND,1,250.0,2020
27,S0NH00326,NE,1,250.0,2020
28,S0NH00326,NH,484,189893.64,2020
29,S0NH00326,NJ,13,4933.0,2020
30,S0NH00326,NM,2,110.0,2020
31,S0NH00326,NV,14,10391.98,2020
32,S0NH00326,NY,22,16109.33,2020
33,S0NH00326,OH,13,4545.0,2020
34,S0NH00326,OK,3,3560.73,2020
35,S0NH00326,OR,6,3461.0,2020
36,S0NH00326,PA,11,1924.0,2020
37,S0NH00326,PR,1,250.0,2020
38,S0NH00326,SC,9,7954.48,2020
39,S0NH00326,TN,16,2000.0,2020
40,S0AL00206,OK,2,1500.0,2020
41,S0AL00206,OR,1,1000.0,2020
42,S0AL00206,PA,5,350.0,2020
43,S0AL00206,SC,1,100.0,2020
44,S0AL00206,TN,5,9100.0,2020
45,S0AL00206,TX,2,350.0,2020
46,S0AL00206,VA,55,50800.0,2020
47,S0AL00206,WY,1,2800.0,2020
48,S4WV00159,NC,28,6532.0,2020
49,S4WV00159,NE,3,5850.0,2020
50,S4WV00159,NH,10,235.0,2020
51,S4WV00159,NJ,39,48250.0,2020
52,S4WV00159,NV,18,13095.0,2020
53,S4WV00159,NY,164,212639.1,2020
54,S4WV00159,OH,63,119425.0,2020
55,S4WV00159,OK,4,8800.0,2020
56,S4WV00159,OT,2,5600.0,2020
57,S4WV00159,PA,38,56200.0,2020
58,S4WV00159,SC,8,1325.0,2020
59,S4WV00159,TN,14,18500.0,2020
60,S4WV00159,TX,90,81985.0,2020
61,S4WV00159,VA,182,133494.35,2020
62,S4WV00159,WA,3,1075.0,2020
63,S4WV00159,WI,2,1250.0,2020
64,S4WV00159,WV,506,400121.4,2020
65,S4LA00107,MN,29,19235.0,2020
66,S4LA00107,MO,85,68955.0,2020
67,S4LA00107,MS,38,37130.0,2020
68,S4LA00107,MT,8,500.0,2020
69,S4LA00107,NC,98,14473.35,2020
70,S4LA00107,NE,4,7600.0,2020
71,S4LA00107,NH,10,250.0,2020
72,S4LA00107,NJ,53,52850.0,2020
73,S4LA00107,NM,15,820.0,2020
74,S4LA00107,NV,50,36900.0,2020
75,S4LA00107,NY,263,284014.1,2020
76,S4LA00107,OH,23,22649.99,2020
77,S4LA00107,OK,5,14000.0,2020
78,S4LA00107,OR,26,2609.0,2020
79,S4LA00107,PA,64,50275.0,2020
80,S4LA00107,SC,18,18300.0,2020
81,S4LA00107,TN,51,40550.01,2020
82,S4LA00107,TX,366,324028.04,2020
83,S4LA00107,UT,28,27210.0,2020
84,S4LA00107,VA,153,87110.0,2020
85,S0NM00066,MI,21,7832.0,2020
86,S0NM00066,MN,11,2962.0,2020
87,S0NM00066,MO,20,8705.0,2020
88,S0NM00066,MT,4,2870.0,2020
89,S0NM00066,NC,15,2525.0,2020
90,S0NM00066,ND,3,5000.0,2020
91,S0NM00066,NE,2,154.0,2020
92,S0NM00066,NH,1,200.0,2020
93,S0NM00066,NJ,26,3499.0,2020
94,S0NM00066,NM,223,56802.24,2020
95,S0NM00066,NV,15,8000.54,2020
96,S0NM00066,NY,50,33351.0,2020
97,S0NM00066,OH,25,13924.0,2020
98,S0NM00066,OK,20,8116.54,2020
99,S0NM00066,OR,13,11150.0,2020
100,S0NM00066,PA,55,18298.0,2020
101,S0NM00066,RI,1,1000.0,2020
102,S0NM00066,SC,23,12827.0,2020
103,S0NM00066,SD,9,855.0,2020
104,S0NM00066,TN,20,6619.0,2020
105,S0GA00567,MI,30,7735.0,2020
106,S0GA00567,MN,3,1000.0,2020
107,S0GA00567,MO,4,1800.0,2020
108,S0GA00567,MS,9,785.0,2020
109,S0GA00567,MT,4,1250.0,2020
110,S0GA00567,NC,27,8846.0,2020
111,S0GA00567,ND,2,5600.0,2020
112,S0GA00567,NE,5,1300.0,2020
113,S0GA00567,NH,1,500.0,2020
114,S0GA00567,NJ,11,1950.0,2020
115,S0GA00567,NM,9,1542.0,2020
116,S0GA00567,NV,14,9585.0,2020
117,S0GA00567,NY,67,36800.0,2020
118,S0GA00567,OH,32,11035.0,2020
119,S0GA00567,OK,4,1500.0,2020
120,S0GA00567,OR,16,3738.9,2020
121,S0GA00567,PA,29,18760.0,2020
122,S0GA00567,SC,26,6910.0,2020
123,S0GA00567,SD,5,425.0,2020
124,S0GA00567,TN,24,11135.0,2020
125,S6ME00159,MA,665,375156.9,2020
126,S6ME00159,MD,358,171652.5,2020
127,S6ME00159,ME,2473,881118.0,2020
128,S6ME00159,MI,208,205638.0,2020
129,S6ME00159,MN,165,123800.0,2020
130,S6ME00159,MO,276,215014.64,2020
131,S6ME00159,MS,52,10170.0,2020
132,S6ME00159,MT,15,1430.0,2020
133,S6ME00159,NC,303,69149.26,2020
134,S6ME00159,ND,10,2625.0,2020
135,S6ME00159,NE,28,13200.0,2020
136,S6ME00159,NH,289,45892.66,2020
137,S6ME00159,NJ,347,239778.68,2020
138,S6ME00159,NM,58,5978.0,2020
139,S6ME00159,NV,168,81611.0,2020
140,S6ME00159,NY,1123,993857.87,2020
141,S6ME00159,OH,268,191452.5,2020
142,S6ME00159,OK,162,128940.0,2020
143,S6ME00159,OR,77,15155.0,2020
144,S6ME00159,OT,5,11200.0,2020
145,S2TX00106,LA,186,77751.43,2020
146,S2TX00106,MA,123,53161.79,2020
147,S2TX00106,MD,204,91948.61,2020
148,S2TX00106,ME,28,840.0,2020
149,S2TX00106,MI,233,83258.92,2020
150,S2TX00106,MN,97,9142.77,2020
151,S2TX00106,MO,196,54020.0,2020
152,S2TX00106,MS,32,9865.0,2020
153,S2TX00106,MT,39,16275.0,2020
154,S2TX00106,NC,230,47867.53,2020
155,S2TX00106,ND,19,1955.0,2020
156,S2TX00106,NE,10,1980.0,2020
157,S2TX00106,NH,38,5435.0,2020
158,S2TX00106,NJ,252,92040.0,2020
159,S2TX00106,NM,113,13064.17,2020
160,S2TX00106,NV,241,105142.5,2020
161,S2TX00106,NY,776,471446.69,2020
162,S2TX00106,OH,175,40085.55,2020
163,S2TX00106,OK,179,67585.5,2020
164,S2TX00106,OR,69,12281.1,2020
165,S4AR00103,LA,103,26280.0,2020
166,S4AR00103,MA,178,59169.28,2020
167,S4AR00103,MD,178,36535.0,2020
168,S4AR00103,ME,27,1325.0,2020
169,S4AR00103,MI,175,72436.95,2020
170,S4AR00103,MN,56,14923.75,2020
171,S4AR00103,MO,302,73072.5,2020
172,S4AR00103,MS,74,12545.0,2020
173,S4AR00103,MT,22,3565.0,2020
174,S4AR00103,NC,260,17215.0,2020
175,S4AR00103,ND,8,1625.0,2020
176,S4AR00103,NE,23,7600.0,2020
177,S4AR00103,NH,29,1715.0,2020
178,S4AR00103,NJ,120,48116.06,2020
179,S4AR00103,NM,51,5245.0,2020
180,S4AR00103,NV,147,30846.0,2020
181,S4AR00103,NY,511,228437.28,2020
182,S4AR00103,OH,231,21470.94,2020
183,S4AR00103,OK,76,21830.0,2020
184,S4AR00103,OR,91,6737.5,2020
185,S2MT00096,MD,193,86289.54,2020
186,S2MT00096,ME,6,1225.0,2020
187,S2MT00096,MI,140,112193.61,2020
188,S2MT00096,MN,95,97455.0,2020
189,S2MT00096,MO,185,114182.0,2020
190,S2MT00096,MS,36,11979.0,2020
191,S2MT00096,MT,3149,1709581.97,2020
192,S2MT00096,NC,115,40845.0,2020
193,S2MT00096,ND,55,43270.0,2020
194,S2MT00096,NE,13,6371.0,2020
195,S2MT00096,NH,10,7335.0,2020
196,S2MT00096,NJ,96,80945.0,2020
197,S2MT00096,NM,47,14654.0,2020
198,S2MT00096,NV,148,71707.0,2020
199,S2MT00096,NY,432,387684.68,2020
200,S2MT00096,OH,168,186660.0,2020
201,S2MT00096,OK,47,40165.0,2020
202,S2MT00096,OR,123,24777.0,2020
203,S2MT00096,OT,24,2492.0,2020
204,S2MT00096,PA,196,43625.05,2020
205,S4IA00129,LA,204,50648.56,2020
206,S4IA00129,MA,174,120065.0,2020
207,S4IA00129,MD,252,59069.94,2020
208,S4IA00129,ME,13,675.0,2020
209,S4IA00129,MI,429,100382.0,2020
210,S4IA00129,MN,313,140775.36,2020
211,S4IA00129,MO,534,178126.08,2020
212,S4IA00129,MS,37,18110.0,2020
213,S4IA00129,MT,55,5090.0,2020
214,S4IA00129,NC,333,39912.65,2020
215,S4IA00129,ND,22,4675.0,2020
216,S4IA00129,NE,111,67918.0,2020
217,S4IA00129,NH,34,3102.17,2020
218,S4IA00129,NJ,156,57531.02,2020
219,S4IA00129,NM,92,17060.6,2020
220,S4IA00129,NV,345,77039.39,2020
221,S4IA00129,NY,792,501878.84,2020
222,S4IA00129,OH,311,69714.08,2020
223,S4IA00129,OK,143,28915.81,2020
224,S4IA00129,OR,172,16495.96,2020
225,S0VA00179,PA,4,2250.0,2020
226,S0VA00179,TN,5,475.0,2020
227,S0VA00179,TX,16,5350.0,2020
228,S0VA00179,VA,125,101131.65,2020
229,S0VA00179,WA,1,250.0,2020
230,S0VA00179,WI,2,750.0,2020
231,S0VA00179,WV,1,250.0,2020
232,S0VA00146,MI,1,1000.0,2020
233,S0VA00146,MN,8,2100.0,2020
234,S0VA00146,MO,1,2800.0,2020
235,S0VA00146,NC,6,2700.0,2020
236,S0VA00146,ND,8,5800.0,2020
237,S0VA00146,NE,1,250.0,2020
238,S0VA00146,NJ,2,5600.0,2020
239,S0VA00146,NM,1,250.0,2020
240,S0VA00146,NY,8,6550.0,2020
241,S0VA00146,OH,9,16953.0,2020
242,S0VA00146,OK,2,500.0,2020
243,S0VA00146,PA,2,3900.0,2020
244,S0VA00146,SC,6,2550.0,2020
245,S0VA00146,TN,4,4500.0,2020
246,S0VA00146,TX,55,29366.0,2020
247,S0VA00146,VA,903,407304.02,2020
248,S0VA00146,WA,3,1000.0,2020
249,S4CO00395,KY,108,45055.39,2020
250,S4CO00395,LA,71,33901.0,2020
251,S4CO00395,MA,102,57776.25,2020
252,S4CO00395,MD,165,85774.0,2020
253,S4CO00395,ME,41,2649.5,2020
254,S4CO00395,MI,306,134545.75,2020
255,S4CO00395,MN,135,131455.36,2020
256,S4CO00395,MO,363,234946.18,2020
257,S4CO00395,MS,24,8282.0,2020
258,S4CO00395,MT,60,22009.0,2020
259,S4CO00395,NC,194,64243.75,2020
260,S4CO00395,ND,3,3500.0,2020
261,S4CO00395,NE,18,5610.0,2020
262,S4CO00395,NH,4,5700.0,2020
263,S4CO00395,NJ,139,79323.0,2020
264,S4CO00395,NM,32,9970.0,2020
265,S4CO00395,NV,159,103984.5,2020
266,S4CO00395,NY,490,586628.91,2020
267,S4CO00395,OH,161,97672.56,2020
268,S4CO00395,OK,85,79585.0,2020
269,S0SC00149,LA,565,112323.75,2020
270,S0SC00149,MA,720,147642.65,2020
271,S0SC00149,MD,1010,214953.9,2020
272,S0SC00149,ME,65,6570.2,2020
273,S0SC00149,MI,1305,217383.01,2020
274,S0SC00149,MN,449,74955.1,2020
275,S0SC00149,MO,990,236558.32,2020
276,S0SC00149,MS,392,44034.2,2020
277,S0SC00149,MT,156,42787.0,2020
278,S0SC00149,NC,1643,340298.58,2020
279,S0SC00149,ND,114,14235.4,2020
280,S0SC00149,NE,181,84427.5,2020
281,S0SC00149,NH,237,29778.6,2020
282,S0SC00149,NJ,1100,221867.79,2020
283,S0SC00149,NM,395,45572.95,2020
284,S0SC00149,NV,801,131888.3,2020
285,S0SC00149,NY,2704,975388.03,2020
286,S0SC00149,OH,1290,246326.02,2020
287,S0SC00149,OK,574,72718.7,2020
288,S0SC00149,OR,534,63257.1,2020
289,S0TN00169,NC,16,26875.0,2020
290,S0TN00169,NH,4,11200.0,2020
291,S0TN00169,NJ,16,13600.0,2020
292,S0TN00169,NV,6,16800.0,2020
293,S0TN00169,NY,156,318755.0,2020
294,S0TN00169,OH,4,6350.0,2020
295,S0TN00169,OK,30,65800.0,2020
296,S0TN00169,PA,4,6650.0,2020
297,S0TN00169,SC,2,3000.0,2020
298,S0TN00169,TN,2083,3332903.0,2020
299,S0TN00169,TX,123,305650.0,2020
300,S0TN00169,UT,6,15500.0,2020
301,S0TN00169,VA,94,134850.0,2020
302,S0TN00169,WA,8,565.0,2020
303,S0TN00169,WY,2,5600.0,2020
304,S0IL00501,UT,1,250.0,2020
305,S0IL00501,VA,3,75.0,2020
306,S0IL00501,WA,1,250.0,2020
307,S8MS00261,NC,17,11925.0,2020
308,S8MS00261,NE,2,1000.0,2020
309,S8MS00261,NH,16,1300.0,2020
310,S8MS00261,NJ,53,26670.0,2020
311,S8MS00261,NM,5,650.0,2020
312,S8MS00261,NV,34,40800.0,2020
313,S8MS00261,NY,59,17234.1,2020
314,S8MS00261,OH,4,1075.0,2020
315,S8MS00261,OK,6,5900.0,2020
316,S8MS00261,OR,7,90.0,2020
317,S8MS00261,PA,27,3815.0,2020
318,S8MS00261,SC,15,725.0,2020
319,S8MS00261,TN,23,4335.0,2020
320,S8MS00261,TX,117,46644.0,2020
321,S8MS00261,UT,8,225.0,2020
322,S8MS00261,VA,89,32795.0,2020
323,S8MS00261,WA,17,1150.0,2020
324,S8MS00261,WI,1,250.0,2020
325,S8MS00261,WY,1,1000.0,2020
326,S4OK00083,MN,3,1500.0,2020
327,S4OK00083,MO,11,125.0,2020
328,S4OK00083,MS,1,1000.0,2020
329,S4OK00083,MT,1,1500.0,2020
330,S4OK00083,NC,7,835.0,2020
331,S4OK00083,NE,1,500.0,2020
332,S4OK00083,NH,1,10.0,2020
333,S4OK00083,NJ,13,16750.0,2020
334,S4OK00083,NM,2,5600.0,2020
335,S4OK00083,NV,10,4020.0,2020
336,S4OK00083,NY,32,60994.1,2020
337,S4OK00083,OH,5,5800.0,2020
338,S4OK00083,OK,871,756600.94,2020
339,S4OK00083,OR,1,100.0,2020
340,S4OK00083,PA,12,14100.0,2020
341,S4OK00083,SC,5,3400.0,2020
342,S4OK00083,TN,4,3800.0,2020
343,S4OK00083,TX,113,126540.0,2020
344,S4OK00083,VA,225,148759.0,2020
345,S4OK00083,WA,7,11350.0,2020
346,S8MI00372,LA,66,32328.84,2020
347,S8MI00372,MA,142,103817.72,2020
348,S8MI00372,MD,158,60310.2,2020
349,S8MI00372,ME,1,208.65,2020
350,S8MI00372,MI,9633,3873760.81,2020
351,S8MI00372,MN,118,108643.64,2020
352,S8MI00372,MO,124,56327.09,2020
353,S8MI00372,MS,54,10523.6,2020
354,S8MI00372,MT,42,7943.68,2020
355,S8MI00372,NC,215,54345.84,2020
356,S8MI00372,ND,4,775.0,2020
357,S8MI00372,NE,24,6878.86,2020
358,S8MI00372,NH,32,5295.21,2020
359,S8MI00372,NJ,129,33346.93,2020
360,S8MI00372,NM,40,7541.98,2020
361,S8MI00372,NV,145,67409.09,2020
362,S8MI00372,NY,414,264044.23,2020
363,S8MI00372,OH,262,133930.49,2020
364,S8MI00372,OK,88,31334.84,2020
365,S8MI00372,OR,105,16412.02,2020
366,S0KS00257,ME,2,500.0,2020
367,S0KS00257,MI,4,4800.0,2020
368,S0KS00257,MN,1,200.0,2020
369,S0KS00257,MO,18,11840.0,2020
370,S0KS00257,MS,5,3600.0,2020
371,S0KS00257,MT,3,750.0,2020
372,S0KS00257,NC,5,1050.0,2020
373,S0KS00257,NH,1,500.0,2020
374,S0KS00257,NJ,12,4500.0,2020
375,S0KS00257,NM,1,200.0,2020
376,S0KS00257,NV,7,3750.0,2020
377,S0KS00257,NY,57,76790.0,2020
378,S0KS00257,OH,24,13050.0,2020
379,S0KS00257,OK,3,2200.0,2020
380,S0KS00257,OR,2,5600.0,2020
381,S0KS00257,PA,26,8335.0,2020
382,S0KS00257,RI,4,6000.0,2020
383,S0KS00257,SC,8,7825.0,2020
384,S0KS00257,TN,12,15300.0,2020
385,S0KS00257,TX,77,91200.0,2020
386,S0MN00328,MA,13,1700.0,2020
387,S0MN00328,MD,19,5790.0,2020
388,S0MN00328,MI,12,1564.5,2020
389,S0MN00328,MN,2270,909013.41,2020
390,S0MN00328,MO,16,6600.0,2020
391,S0MN00328,MS,2,125.0,2020
392,S0MN00328,MT,4,156.0,2020
393,S0MN00328,NC,30,9778.0,2020
394,S0MN00328,ND,8,5850.0,2020
395,S0MN00328,NE,8,700.0,2020
396,S0MN00328,NH,2,105.0,2020
397,S0MN00328,NJ,15,7875.0,2020
398,S0MN00328,NM,5,1125.0,2020
399,S0MN00328,NV,22,2317.5,2020
400,S0MN00328,NY,43,18078.0,2020
401,S0MN00328,OH,8,535.0,2020
402,S0MN00328,OK,24,2505.0,2020
403,S0MN00328,OR,3,650.0,2020
404,S0MN00328,PA,36,16858.0,2020
405,S0MN00328,SC,21,5977.5,2020
406,S0KS00240,TX,6,7100.0,2020
407,S0KS00240,WA,1,2800.0,2020
408,S0KS00240,WY,1,500.0,2020
409,S0GA00526,NJ,4,650.0,2020
410,S0GA00526,NM,2,3050.0,2020
411,S0GA00526,NV,8,13200.0,2020
412,S0GA00526,NY,50,46900.0,2020
413,S0GA00526,OH,5,12310.0,2020
414,S0GA00526,OK,8,6025.0,2020
415,S0GA00526,PA,1,250.0,2020
416,S0GA00526,SC,8,3900.0,2020
417,S0GA00526,TX,38,31925.0,2020
418,S0GA00526,VA,76,32000.0,2020
419,S0GA00526,WA,23,14650.0,2020
420,S0GA00526,WI,1,2800.0,2020
421,S0GA00526,WY,1,2800.0,2020
422,S0WY00137,MN,2,300.0,2020
423,S0WY00137,MO,4,1000.0,2020
424,S0WY00137,MS,3,1000.0,2020
425,S0WY00137,MT,4,10000.0,2020
426,S0WY00137,NC,7,2975.0,2020
427,S0WY00137,ND,1,250.0,2020
428,S0WY00137,NH,9,7700.0,2020
429,S0WY00137,NJ,9,9200.0,2020
430,S0WY00137,NM,2,450.0,2020
431,S0WY00137,NV,14,13200.0,2020
432,S0WY00137,NY,20,11030.0,2020
433,S0WY00137,OH,10,7425.0,2020
434,S0WY00137,OK,7,3050.0,2020
435,S0WY00137,OR,26,3800.0,2020
436,S0WY00137,PA,11,6045.0,2020
437,S0WY00137,SC,4,5850.0,2020
438,S0WY00137,TN,5,3750.0,2020
439,S0WY00137,TX,41,37434.0,2020
440,S0WY00137,UT,9,14200.0,2020
441,S0WY00137,VA,35,21375.0,2020
442,S0KS00315,NV,4,1750.0,2020
443,S0KS00315,NY,5,6850.0,2020
444,S0KS00315,OH,2,3000.0,2020
445,S0KS00315,OK,10,16400.0,2020
446,S0KS00315,PA,39,58850.0,2020
447,S0KS00315,SC,2,2000.0,2020
448,S0KS00315,SD,1,250.0,2020
449,S0KS00315,TN,3,8400.0,2020
450,S0KS00315,TX,24,31500.0,2020
451,S0KS00315,VA,35,30650.0,2020
452,S0KS00315,WI,5,5300.0,2020
453,S0NM00090,MS,6,600.0,2020
454,S0NM00090,NC,5,550.0,2020
455,S0NM00090,ND,3,650.0,2020
456,S0NM00090,NJ,2,500.0,2020
457,S0NM00090,NM,451,178973.2,2020
458,S0NM00090,NV,36,1582.5,2020
459,S0NM00090,NY,8,3700.0,2020
460,S0NM00090,OH,2,350.0,2020
461,S0NM00090,OK,4,222.1,2020
462,S0NM00090,OR,72,2855.2,2020
463,S0NM00090,PA,4,342.5,2020
464,S0NM00090,SC,5,2875.0,2020
465,S0NM00090,TN,6,1700.0,2020
466,S0NM00090,TX,47,12410.0,2020
467,S0NM00090,VA,33,1155.0,2020
468,S0NM00090,WA,5,437.5,2020
469,S0NM00090,WI,2,500.0,2020
470,S0NM00090,WY,5,127.0,2020
471,S2KY00012,KS,898,94767.4,2020
472,S2KY00012,KY,5403,1801534.96,2020
473,S2KY00012,LA,1406,166558.59,2020
474,S2KY00012,MA,1398,258062.52,2020
475,S2KY00012,MD,1810,263514.36,2020
476,S2KY00012,ME,238,20702.0,2020
477,S2KY00012,MI,2692,346624.16,2020
478,S2KY00012,MN,1156,87431.5,2020
479,S2KY00012,MO,1662,227672.84,2020
480,S2KY00012,MS,716,67456.0,2020
481,S2KY00012,MT,282,28732.02,2020
482,S2KY00012,NC,2884,332853.33,2020
483,S2KY00012,ND,133,12597.25,2020
484,S2KY00012,NE,342,28986.5,2020
485,S2KY00012,NH,396,39854.2,2020
486,S2KY00012,NJ,2355,587772.6,2020
487,S2KY00012,NM,649,56761.25,2020
488,S2KY00012,NV,1660,210383.25,2020
489,S2KY00012,NY,5321,1358694.36,2020
490,S2KY00012,OH,2521,273184.78,2020
491,S8AZ00221,KY,965,115850.44,2020
492,S8AZ00221,LA,757,77404.46,2020
493,S8AZ00221,MA,1369,247537.37,2020
494,S8AZ00221,MD,1446,170550.82,2020
495,S8AZ00221,ME,301,27595.5,2020
496,S8AZ00221,MI,2394,271284.4,2020
497,S8AZ00221,MN,1225,217943.25,2020
498,S8AZ00221,MO,1776,312492.88,2020
499,S8AZ00221,MS,656,62893.2,2020
500,S8AZ00221,MT,623,86210.74,2020
501,S8AZ00221,NC,2181,234982.91,2020
502,S8AZ00221,ND,180,24740.0,2020
503,S8AZ00221,NE,461,53579.51,2020
504,S8AZ00221,NH,500,39209.14,2020
505,S8AZ00221,NJ,1792,228629.25,2020
506,S8AZ00221,NM,916,101165.31,2020
507,S8AZ00221,NV,2057,273813.54,2020
508,S8AZ00221,NY,4016,672394.31,2020
509,S8AZ00221,OH,2551,310344.9,2020
510,S8AZ00221,OK,1503,132400.5,2020
511,S0NJ00217,MO,3,625.0,2020
512,S0NJ00217,NC,3,375.0,2020
513,S0NJ00217,NJ,108,34557.76,2020
514,S0NJ00217,NV,1,500.0,2020
515,S0NJ00217,NY,6,500.0,2020
516,S0NJ00217,OH,4,250.0,2020
517,S0NJ00217,OR,2,20.0,2020
518,S0NJ00217,PA,4,250.0,2020
519,S0NJ00217,RI,5,11300.0,2020
520,S0NJ00217,SC,1,50.0,2020
521,S0NJ00217,TN,2,115.0,2020
522,S0NJ00217,TX,14,1835.0,2020
523,S0NJ00217,VA,9,177.0,2020
524,S0NJ00217,WA,2,60.0,2020
525,S0NH00334,NC,3,5300.0,2020
526,S0NH00334,NH,81,45855.0,2020
527,S0NH00334,NJ,4,4025.0,2020
528,S0NH00334,NV,5,9150.0,2020
529,S0NH00334,NY,13,21300.0,2020
530,S0NH00334,OH,2,2750.0,2020
531,S0NH00334,OK,2,600.0,2020
532,S0NH00334,PA,23,19226.9,2020
533,S0NH00334,SC,11,21800.0,2020
534,S0NH00334,TN,4,6047.9,2020
535,S0NH00334,TX,14,17436.0,2020
536,S0NH00334,VA,15,20700.0,2020
537,S0NH00334,WA,18,9284.9,2020
538,S0NH00334,WI,2,2000.0,2020
539,S0NH00334,WV,1,790.0,2020
540,S0AL00263,MD,23,2840.0,2020
541,S0AL00263,MI,14,2110.0,2020
542,S0AL00263,MN,8,3654.0,2020
543,S0AL00263,MO,11,10929.0,2020
544,S0AL00263,MS,1,200.0,2020
545,S0AL00263,MT,2,1100.0,2020
546,S0AL00263,NC,40,8773.19,2020
547,S0AL00263,ND,1,500.0,2020
548,S0AL00263,NE,2,325.0,2020
549,S0AL00263,NH,5,325.0,2020
550,S0AL00263,NJ,15,2718.0,2020
551,S0AL00263,NM,6,1151.0,2020
552,S0AL00263,NV,21,13398.0,2020
553,S0AL00263,NY,40,14037.0,2020
554,S0AL00263,OH,32,12715.0,2020
555,S0AL00263,OK,6,2850.0,2020
556,S0AL00263,OR,9,3943.0,2020
557,S0AL00263,OT,37,690.0,2020
558,S0AL00263,PA,21,4638.0,2020
559,S0AL00263,PR,1,250.0,2020
560,S0AL00297,NE,9,250.0,2020
561,S0AL00297,NY,7,3700.0,2020
562,S0AL00297,OH,11,2076.0,2020
563,S0AL00297,OK,3,500.0,2020
564,S0AL00297,OR,9,2023.0,2020
565,S0AL00297,OT,1,1084.6,2020
566,S0AL00297,PA,1,500.0,2020
567,S0AL00297,SC,4,2000.0,2020
568,S0AL00297,SD,1,250.0,2020
569,S0AL00297,TN,5,3625.0,2020
570,S0AL00297,TX,16,3600.0,2020
571,S0AL00297,WA,2,1500.0,2020
572,S0AL00297,WI,5,3725.0,2020
573,S0AL00297,WV,1,250.0,2020
574,S0MA00232,VA,3,2000.0,2020
575,S4GA11285,MI,73,106000.0,2020
576,S4GA11285,MN,48,69400.0,2020
577,S4GA11285,MO,132,198937.5,2020
578,S4GA11285,MS,9,10600.0,2020
579,S4GA11285,MT,3,5450.0,2020
580,S4GA11285,NC,87,46106.7,2020
581,S4GA11285,ND,3,225.0,2020
582,S4GA11285,NE,4,7100.0,2020
583,S4GA11285,NH,17,4360.0,2020
584,S4GA11285,NJ,30,48050.0,2020
585,S4GA11285,NM,2,1500.0,2020
586,S4GA11285,NV,61,51490.0,2020
587,S4GA11285,NY,212,345499.49,2020
588,S4GA11285,OH,25,44200.0,2020
589,S4GA11285,OK,5,1475.0,2020
590,S4GA11285,OR,8,2150.0,2020
591,S4GA11285,OT,3,3000.0,2020
592,S4GA11285,PA,61,33095.84,2020
593,S4GA11285,PR,7,13650.0,2020
594,S4GA11285,SC,51,40525.0,2020
595,S8ID00092,MN,2,2000.0,2020
596,S8ID00092,MO,5,10100.0,2020
597,S8ID00092,MS,2,2000.0,2020
598,S8ID00092,MT,4,890.0,2020
599,S8ID00092,NC,3,2500.0,2020
600,S8ID00092,NJ,97,98570.0,2020
601,S8ID00092,NV,16,26405.0,2020
602,S8ID00092,NY,139,266930.0,2020
603,S8ID00092,OH,13,10205.0,2020
604,S8ID00092,OK,1,250.0,2020
605,S8ID00092,OR,5,2200.0,2020
606,S8ID00092,PA,7,2500.0,2020
607,S8ID00092,PR,1,500.0,2020
608,S8ID00092,RI,2,2000.0,2020
609,S8ID00092,SC,3,1550.0,2020
610,S8ID00092,TN,2,1250.0,2020
611,S8ID00092,TX,74,80065.0,2020
612,S8ID00092,UT,2,200.0,2020
613,S8ID00092,VA,69,46145.0,2020
614,S8ID00092,VT,1,500.0,2020
615,S4SD00049,NC,13,6980.0,2020
616,S4SD00049,ND,8,9100.0,2020
617,S4SD00049,NE,4,6600.0,2020
618,S4SD00049,NJ,38,35300.18,2020
619,S4SD00049,NM,1,250.0,2020
620,S4SD00049,NV,17,23620.0,2020
621,S4SD00049,NY,43,79579.1,2020
622,S4SD00049,OH,6,11450.0,2020
623,S4SD00049,OK,3,6600.0,2020
624,S4SD00049,PA,9,4250.0,2020
625,S4SD00049,RI,1,500.0,2020
626,S4SD00049,SC,4,425.0,2020
627,S4SD00049,SD,636,510260.97,2020
628,S4SD00049,TN,4,7900.0,2020
629,S4SD00049,TX,35,48309.96,2020
630,S4SD00049,UT,3,350.0,2020
631,S4SD00049,VA,87,57805.0,2020
632,S4SD00049,VT,1,500.0,2020
633,S4SD00049,WA,1,350.0,2020
634,S4SD00049,WI,9,2400.0,2020
635,S4NE00090,MO,38,65850.0,2020
636,S4NE00090,NC,12,3885.0,2020
637,S4NE00090,NE,512,325991.96,2020
638,S4NE00090,NH,6,12450.0,2020
639,S4NE00090,NJ,42,59900.0,2020
640,S4NE00090,NV,12,11050.0,2020
641,S4NE00090,NY,177,305409.1,2020
642,S4NE00090,OH,10,18700.0,2020
643,S4NE00090,OK,4,3000.0,2020
644,S4NE00090,OT,6,4500.0,2020
645,S4NE00090,PA,29,36800.0,2020
646,S4NE00090,SC,4,2500.0,2020
647,S4NE00090,TN,11,14775.0,2020
648,S4NE00090,TX,103,108880.0,2020
649,S4NE00090,UT,14,15100.0,2020
650,S4NE00090,VA,98,70440.0,2020
651,S4NE00090,WA,46,65550.0,2020
652,S4NE00090,WI,4,6400.0,2020
653,S4NE00090,WV,1,250.0,2020
654,S4NE00090,WY,1,500.0,2020
655,S6AL00195,MO,2,350.0,2020
656,S6AL00195,MS,14,7950.0,2020
657,S6AL00195,MT,3,850.0,2020
658,S6AL00195,NC,8,6400.0,2020
659,S6AL00195,NE,1,50.0,2020
660,S6AL00195,NJ,6,1025.0,2020
661,S6AL00195,NM,9,5700.0,2020
662,S6AL00195,NV,4,850.0,2020
663,S6AL00195,NY,23,15015.0,2020
664,S6AL00195,OH,16,8190.0,2020
665,S6AL00195,OK,2,300.0,2020
666,S6AL00195,OR,18,1400.0,2020
667,S6AL00195,OT,1,250.0,2020
668,S6AL00195,PA,9,1520.2,2020
669,S6AL00195,SC,10,2975.0,2020
670,S6AL00195,SD,3,150.0,2020
671,S6AL00195,TN,16,15400.0,2020
672,S6AL00195,TX,32,32850.0,2020
673,S6AL00195,VA,99,104500.5,2020
674,S6AL00195,WA,8,970.0,2020
675,S0TN00144,MN,10,7500.0,2020
676,S0TN00144,MO,17,10700.0,2020
677,S0TN00144,MT,2,750.0,2020
678,S0TN00144,NC,33,14250.0,2020
679,S0TN00144,ND,19,14450.0,2020
680,S0TN00144,NE,1,250.0,2020
681,S0TN00144,NH,2,1500.0,2020
682,S0TN00144,NJ,13,5925.0,2020
683,S0TN00144,NM,3,750.0,2020
684,S0TN00144,NV,25,11400.0,2020
685,S0TN00144,NY,87,73805.78,2020
686,S0TN00144,OH,25,23851.0,2020
687,S0TN00144,OK,9,10365.0,2020
688,S0TN00144,OR,5,1900.0,2020
689,S0TN00144,OT,1,1000.0,2020
690,S0TN00144,PA,37,35650.0,2020
691,S0TN00144,RI,2,1350.0,2020
692,S0TN00144,SC,10,8150.0,2020
693,S0TN00144,SD,23,20100.0,2020
694,S0TN00144,TN,1563,1461499.21,2020
695,S0NJ00191,NC,10,4302.0,2020
696,S0NJ00191,NH,3,165.0,2020
697,S0NJ00191,NJ,330,88398.17,2020
698,S0NJ00191,NM,1,250.0,2020
699,S0NJ00191,NV,9,460.0,2020
700,S0NJ00191,NY,32,3956.0,2020
701,S0NJ00191,OH,21,2460.0,2020
702,S0NJ00191,OK,6,545.0,2020
703,S0NJ00191,OR,5,320.0,2020
704,S0NJ00191,PA,22,6250.0,2020
705,S0NJ00191,RI,1,2000.0,2020
706,S0NJ00191,SC,4,352.0,2020
707,S0NJ00191,SD,11,975.0,2020
708,S0NJ00191,TN,6,1675.0,2020
709,S0NJ00191,TX,43,18305.0,2020
710,S0NJ00191,UT,1,50.0,2020
711,S0NJ00191,VA,14,4400.0,2020
712,S0NJ00191,WA,25,2035.0,2020
713,S0NJ00191,WI,4,1950.0,2020
714,S0NJ00191,WV,3,750.0,2020
715,S4AK00214,ME,2,2300.0,2020
716,S4AK00214,MI,46,42293.17,2020
717,S4AK00214,MN,50,99000.0,2020
718,S4AK00214,MO,26,59840.0,2020
719,S4AK00214,MP,2,3000.0,2020
720,S4AK00214,MS,2,2000.0,2020
721,S4AK00214,MT,6,7100.0,2020
722,S4AK00214,NC,41,7378.33,2020
723,S4AK00214,NE,2,5600.0,2020
724,S4AK00214,NH,1,10.0,2020
725,S4AK00214,NJ,55,71125.18,2020
726,S4AK00214,NV,46,58863.32,2020
727,S4AK00214,NY,202,334859.0,2020
728,S4AK00214,OH,188,352535.0,2020
729,S4AK00214,OK,12,6800.0,2020
730,S4AK00214,OR,16,24699.98,2020
731,S4AK00214,PA,42,55612.08,2020
732,S4AK00214,PR,1,250.0,2020
733,S4AK00214,SC,12,5350.0,2020
734,S4AK00214,SD,1,250.0,2020
735,S0VA00104,MO,13,28850.0,2020
736,S0VA00104,NC,9,9900.0,2020
737,S0VA00104,NH,2,600.0,2020
738,S0VA00104,NM,2,200.0,2020
739,S0VA00104,NV,2,500.0,2020
740,S0VA00104,NY,21,6730.0,2020
741,S0VA00104,OH,7,6050.0,2020
742,S0VA00104,OK,1,500.0,2020
743,S0VA00104,OR,3,650.0,2020
744,S0VA00104,PA,9,4750.0,2020
745,S0VA00104,RI,1,1000.0,2020
746,S0VA00104,SC,7,11200.0,2020
747,S0VA00104,TN,10,10652.0,2020
748,S0VA00104,TX,77,110595.0,2020
749,S0VA00104,VA,173,126035.0,2020
750,S0VA00104,WA,7,3475.0,2020
751,S0VA00104,WI,1,250.0,2020
752,S0VA00104,WV,3,1250.0,2020
753,S4NC00162,MD,143,95773.0,2020
754,S4NC00162,ME,8,3545.0,2020
755,S4NC00162,MI,118,94199.0,2020
756,S4NC00162,MN,75,94828.75,2020
757,S4NC00162,MO,161,113725.15,2020
758,S4NC00162,MS,33,32524.85,2020
759,S4NC00162,MT,28,30350.0,2020
760,S4NC00162,NC,4312,2520254.5,2020
761,S4NC00162,ND,7,1600.0,2020
762,S4NC00162,NE,16,1700.0,2020
763,S4NC00162,NH,7,3092.5,2020
764,S4NC00162,NJ,108,102938.0,2020
765,S4NC00162,NM,14,8237.5,2020
766,S4NC00162,NV,113,66705.5,2020
767,S4NC00162,NY,498,502866.44,2020
768,S4NC00162,OH,61,47572.5,2020
769,S4NC00162,OK,104,52696.45,2020
770,S4NC00162,OR,26,27012.5,2020
771,S4NC00162,OT,2,5600.0,2020
772,S4NC00162,PA,212,66443.09,2020
773,S0AL00230,MI,3,3550.0,2020
774,S0AL00230,MO,4,1000.0,2020
775,S0AL00230,MS,17,31050.0,2020
776,S0AL00230,MT,3,5600.0,2020
777,S0AL00230,NC,17,5466.0,2020
778,S0AL00230,NJ,5,7095.0,2020
779,S0AL00230,NM,5,6100.0,2020
780,S0AL00230,NV,13,4305.0,2020
781,S0AL00230,NY,33,29835.0,2020
782,S0AL00230,OH,16,22450.0,2020
783,S0AL00230,OK,3,1000.0,2020
784,S0AL00230,OR,2,1250.0,2020
785,S0AL00230,PA,6,7450.0,2020
786,S0AL00230,PR,5,400.0,2020
787,S0AL00230,SC,9,8100.0,2020
788,S0AL00230,TN,87,87496.45,2020
789,S0AL00230,TX,84,66835.0,2020
790,S0AL00230,UT,2,500.0,2020
791,S0AL00230,VA,18,11950.0,2020
792,S0AL00230,VI,10,16800.0,2020
793,S0KS00299,OH,4,1140.0,2020
794,S0KS00299,PA,4,870.0,2020
795,S0KS00299,RI,1,1000.0,2020
796,S0KS00299,SC,1,50.0,2020
797,S0KS00299,TX,6,6025.0,2020
798,S0KS00299,VA,4,3650.0,2020
799,S0KS00299,WV,2,500.0,2020
800,S0KS00299,WY,1,500.0,2020
0,S8MA00268,WV,1,250.0,2020
1,S8MA00268,WY,2,1250.0,2020
2,S8MA00268,ZZ,4,195.0,2020
3,S0NH00326,TX,54,20375.65,2020
4,S0NH00326,UT,2,50.0,2020
5,S0NH00326,VA,32,12883.44,2020
6,S0NH00326,VT,8,5985.73,2020
7,S0NH00326,WA,10,1200.0,2020
8,S0NH00326,WI,6,850.0,2020
9,S0NH00326,WY,6,8350.0,2020
10,S4LA00107,VT,1,50.0,2020
11,S4LA00107,WA,5,600.0,2020
12,S4LA00107,WI,5,5300.0,2020
13,S4LA00107,WY,34,37800.0,2020
14,S0NM00066,TX,182,124498.2,2020
15,S0NM00066,UT,4,193.0,2020
16,S0NM00066,VA,52,18667.0,2020
17,S0NM00066,WA,43,20359.0,2020
18,S0NM00066,WI,2,1500.0,2020
19,S0NM00066,WV,8,1868.0,2020
20,S0GA00567,TX,99,42780.0,2020
21,S0GA00567,VA,49,19950.0,2020
22,S0GA00567,WA,37,9425.0,2020
23,S0GA00567,WI,7,2250.0,2020
24,S0GA00567,WV,3,1500.0,2020
25,S0GA00567,WY,5,1750.0,2020
26,S6ME00159,PA,524,161966.0,2020
27,S6ME00159,PR,1,2500.0,2020
28,S6ME00159,RI,35,20175.0,2020
29,S6ME00159,SC,190,39895.0,2020
30,S6ME00159,SD,21,5275.0,2020
31,S6ME00159,TN,213,127215.0,2020
32,S6ME00159,TX,1384,764099.6,2020
33,S6ME00159,UT,74,16380.0,2020
34,S6ME00159,VA,887,481987.05,2020
35,S6ME00159,VI,2,5600.0,2020
36,S6ME00159,VT,25,2830.0,2020
37,S6ME00159,WA,201,87661.0,2020
38,S6ME00159,WI,125,56576.66,2020
39,S6ME00159,WV,20,3540.0,2020
40,S6ME00159,WY,44,35412.5,2020
41,S2TX00106,PA,285,85394.59,2020
42,S2TX00106,PR,4,2750.0,2020
43,S2TX00106,RI,7,3700.0,2020
44,S2TX00106,SC,132,18542.25,2020
45,S2TX00106,SD,40,3497.77,2020
46,S2TX00106,TN,317,120956.6,2020
47,S2TX00106,TX,34021,7201514.32,2020
48,S2TX00106,UT,46,14635.27,2020
49,S2TX00106,VA,561,250603.9,2020
50,S2TX00106,VT,3,75.0,2020
51,S2TX00106,WA,147,22109.29,2020
52,S2TX00106,WI,116,11766.68,2020
53,S2TX00106,WV,25,5475.0,2020
54,S2TX00106,WY,10,11445.0,2020
55,S4AR00103,OT,1,1000.0,2020
56,S4AR00103,PA,280,62998.5,2020
57,S4AR00103,RI,2,2800.0,2020
58,S4AR00103,SC,151,17406.25,2020
59,S4AR00103,SD,25,1585.0,2020
60,S4AR00103,TN,255,27317.06,2020
61,S4AR00103,TX,1140,406124.83,2020
62,S4AR00103,UT,49,6481.25,2020
63,S4AR00103,VA,431,105968.0,2020
64,S4AR00103,VT,53,14909.0,2020
65,S4AR00103,WA,158,27855.0,2020
66,S4AR00103,WI,76,6647.5,2020
67,S4AR00103,WV,29,2885.0,2020
68,S4AR00103,WY,32,23275.0,2020
69,S2MT00096,PR,5,5200.0,2020
70,S2MT00096,RI,2,2900.0,2020
71,S2MT00096,SC,119,16708.5,2020
72,S2MT00096,SD,22,12226.0,2020
73,S2MT00096,TN,118,49228.59,2020
74,S2MT00096,TX,629,419273.23,2020
75,S2MT00096,UT,50,22747.0,2020
76,S2MT00096,VA,449,250242.91,2020
77,S2MT00096,VI,2,5600.0,2020
78,S2MT00096,VT,22,6510.0,2020
79,S2MT00096,WA,277,105361.0,2020
80,S2MT00096,WI,61,23461.66,2020
81,S2MT00096,WV,12,4060.0,2020
82,S2MT00096,WY,43,67225.0,2020
83,S4IA00129,OT,2,1500.0,2020
84,S4IA00129,PA,478,55945.12,2020
85,S4IA00129,RI,19,9720.0,2020
86,S4IA00129,SC,321,16702.76,2020
87,S4IA00129,SD,77,53983.0,2020
88,S4IA00129,TN,370,84431.06,2020
89,S4IA00129,TX,1965,499339.77,2020
90,S4IA00129,UT,78,11517.0,2020
91,S4IA00129,VA,968,224572.62,2020
92,S4IA00129,VT,13,755.0,2020
93,S4IA00129,WA,412,63886.65,2020
94,S4IA00129,WI,267,73570.44,2020
95,S4IA00129,WV,32,2610.0,2020
96,S4IA00129,WY,68,24422.26,2020
97,S4CO00395,OR,45,6810.0,2020
98,S4CO00395,OT,5,5900.0,2020
99,S4CO00395,PA,276,85461.47,2020
100,S4CO00395,PR,10,4775.0,2020
101,S4CO00395,RI,9,17200.0,2020
102,S4CO00395,SC,183,35877.4,2020
103,S4CO00395,SD,25,4275.0,2020
104,S4CO00395,TN,180,80519.75,2020
105,S4CO00395,TX,1400,666710.96,2020
106,S4CO00395,UT,72,27892.0,2020
107,S4CO00395,VA,729,342064.01,2020
108,S4CO00395,VI,2,2500.0,2020
109,S4CO00395,WA,186,47008.49,2020
110,S4CO00395,WI,137,60831.16,2020
111,S4CO00395,WV,10,4040.0,2020
112,S4CO00395,WY,128,49140.0,2020
113,S4CO00395,ZZ,2,5600.0,2020
114,S0SC00149,OT,1,100.0,2020
115,S0SC00149,PA,1504,226834.13,2020
116,S0SC00149,PR,5,1650.0,2020
117,S0SC00149,RI,61,15160.0,2020
118,S0SC00149,SC,8114,1791128.11,2020
119,S0SC00149,SD,121,14865.0,2020
120,S0SC00149,TN,1188,173459.95,2020
121,S0SC00149,TX,5021,1055770.55,2020
122,S0SC00149,UT,339,46270.2,2020
123,S0SC00149,VA,2102,395608.3,2020
124,S0SC00149,VI,5,8800.0,2020
125,S0SC00149,VT,116,5338.75,2020
126,S0SC00149,WA,1023,149169.5,2020
127,S0SC00149,WI,561,85166.78,2020
128,S0SC00149,WV,129,21310.2,2020
129,S0SC00149,WY,144,33722.35,2020
130,S0SC00149,ZZ,1,1000.0,2020
131,S4OK00083,WI,1,1000.0,2020
132,S4OK00083,WY,5,10000.0,2020
133,S8MI00372,PA,250,70617.99,2020
134,S8MI00372,PR,1,250.0,2020
135,S8MI00372,RI,16,6472.91,2020
136,S8MI00372,SC,167,29090.21,2020
137,S8MI00372,SD,40,14032.4,2020
138,S8MI00372,TN,204,61379.19,2020
139,S8MI00372,TX,805,267727.47,2020
140,S8MI00372,UT,64,9893.48,2020
141,S8MI00372,VA,365,88860.61,2020
142,S8MI00372,VT,20,7367.0,2020
143,S8MI00372,WA,245,105624.64,2020
144,S8MI00372,WI,225,115504.11,2020
145,S8MI00372,WV,26,6660.52,2020
146,S8MI00372,WY,61,75872.28,2020
147,S0KS00257,UT,4,5125.0,2020
148,S0KS00257,VA,21,22300.0,2020
149,S0KS00257,WA,15,6610.0,2020
150,S0KS00257,WI,12,14150.0,2020
151,S0KS00257,WV,4,2000.0,2020
152,S0KS00257,WY,5,7100.0,2020
153,S0MN00328,SD,5,6650.0,2020
154,S0MN00328,TN,16,1580.0,2020
155,S0MN00328,TX,95,26253.5,2020
156,S0MN00328,UT,16,245.0,2020
157,S0MN00328,VA,62,8336.94,2020
158,S0MN00328,WA,34,3812.0,2020
159,S0MN00328,WI,36,7233.0,2020
160,S0MN00328,WV,3,1050.0,2020
161,S0MN00328,ZZ,1,500.0,2020
162,S0WY00137,VT,4,6100.0,2020
163,S0WY00137,WA,9,2983.34,2020
164,S0WY00137,WI,6,1300.0,2020
165,S0WY00137,WV,1,1000.0,2020
166,S0WY00137,WY,405,266961.51,2020
167,S2KY00012,OK,1321,156400.35,2020
168,S2KY00012,OR,1004,86656.9,2020
169,S2KY00012,OT,60,36082.75,2020
170,S2KY00012,PA,3504,377469.52,2020
171,S2KY00012,PR,17,2053.0,2020
172,S2KY00012,RI,154,30226.5,2020
173,S2KY00012,SC,1705,126206.65,2020
174,S2KY00012,SD,263,26043.5,2020
175,S2KY00012,TN,2252,592111.9,2020
176,S2KY00012,TX,10898,1496956.28,2020
177,S2KY00012,UT,858,66894.81,2020
178,S2KY00012,VA,3959,5550336.17,2020
179,S2KY00012,VI,2,500.0,2020
180,S2KY00012,VT,222,12791.25,2020
181,S2KY00012,WA,2452,207836.9,2020
182,S2KY00012,WI,1180,103523.2,2020
183,S2KY00012,WV,421,37579.6,2020
184,S2KY00012,WY,260,30650.5,2020
185,S8AZ00221,OR,1544,162689.35,2020
186,S8AZ00221,OT,2,5600.0,2020
187,S8AZ00221,PA,3953,342155.11,2020
188,S8AZ00221,RI,172,20249.7,2020
189,S8AZ00221,SC,1577,132813.17,2020
190,S8AZ00221,SD,342,38089.5,2020
191,S8AZ00221,TN,1560,213303.41,2020
192,S8AZ00221,TX,9056,1046939.03,2020
193,S8AZ00221,UT,896,88088.23,2020
194,S8AZ00221,VA,3573,721946.86,2020
195,S8AZ00221,VT,159,11166.75,2020
196,S8AZ00221,WA,3184,335795.82,2020
197,S8AZ00221,WI,1496,181812.76,2020
198,S8AZ00221,WV,225,21104.0,2020
199,S8AZ00221,WY,396,84466.3,2020
200,S0AL00263,RI,1,2000.0,2020
201,S0AL00263,SC,16,14108.0,2020
202,S0AL00263,SD,6,3183.0,2020
203,S0AL00263,TN,23,13667.0,2020
204,S0AL00263,TX,97,28700.88,2020
205,S0AL00263,UT,1,108.0,2020
206,S0AL00263,VA,37,17797.98,2020
207,S0AL00263,VT,4,8400.0,2020
208,S0AL00263,WA,28,5010.0,2020
209,S0AL00263,WI,9,3132.0,2020
210,S0AL00263,WV,7,1079.0,2020
211,S0AL00263,WY,1,50.0,2020
212,S4GA11285,SD,1,1000.0,2020
213,S4GA11285,TN,68,72225.0,2020
214,S4GA11285,TX,232,259455.96,2020
215,S4GA11285,UT,7,14450.0,2020
216,S4GA11285,VA,294,236852.66,2020
217,S4GA11285,VT,5,6600.0,2020
218,S4GA11285,WA,40,24784.0,2020
219,S4GA11285,WI,27,41650.0,2020
220,S4GA11285,WY,16,33300.0,2020
221,S4GA11285,ZZ,4,5850.0,2020
222,S8ID00092,WA,11,6215.0,2020
223,S8ID00092,WI,3,1150.0,2020
224,S8ID00092,WV,6,3100.0,2020
225,S8ID00092,WY,2,200.0,2020
226,S4SD00049,WY,4,5200.0,2020
227,S6AL00195,WI,8,1900.0,2020
228,S6AL00195,WV,2,350.0,2020
229,S6AL00195,WY,1,2800.0,2020
230,S0TN00144,TX,80,59024.69,2020
231,S0TN00144,UT,1,1000.0,2020
232,S0TN00144,VA,22,16100.0,2020
233,S0TN00144,WA,18,23058.0,2020
234,S0TN00144,WI,7,3000.0,2020
235,S0TN00144,WV,4,1250.0,2020
236,S4AK00214,TN,24,45625.0,2020
237,S4AK00214,TX,253,337687.5,2020
238,S4AK00214,UT,6,13400.0,2020
239,S4AK00214,VA,261,178136.27,2020
240,S4AK00214,VT,1,550.0,2020
241,S4AK00214,WA,219,234653.66,2020
242,S4AK00214,WI,20,32725.0,2020
243,S4AK00214,ZZ,6,16400.0,2020
244,S4NC00162,PR,4,4512.5,2020
245,S4NC00162,RI,2,4800.0,2020
246,S4NC00162,SC,247,43211.05,2020
247,S4NC00162,SD,4,1850.0,2020
248,S4NC00162,TN,183,102864.38,2020
249,S4NC00162,TX,720,488448.86,2020
250,S4NC00162,UT,29,20628.5,2020
251,S4NC00162,VA,552,335247.6,2020
252,S4NC00162,VT,6,2539.85,2020
253,S4NC00162,WA,123,22237.35,2020
254,S4NC00162,WI,43,20093.75,2020
255,S4NC00162,WV,9,2032.5,2020
256,S4NC00162,WY,12,3384.75,2020
257,S0AL00230,WA,13,4695.0,2020
258,S0AL00230,WI,9,6930.0,2020
